source_record	motif_id	source_name	tax_id	source_species	source_type	tf_class	tf_family	width	mean_column_total	source_file	sha256	retrieval_url	retrieved_on	redistribution_posture	development_exposure	matrix_source_pmid	validation_pmids	uniprot_accession
MA0139.2	CTCF	CTCF	9606	Homo sapiens	ChIP-seq	C2H2 zinc finger factors	More than 3 adjacent zinc fingers	15	911.20000000000005	MA0139.2.jaspar	c2ddd7317cde6962b2fa77959d765cf7ec6b96e44eed6ef87a503c4124579b5b	https://jaspar.elixir.no/api/v1/matrix/MA0139.2.jaspar	2026-08-29	CC-BY-4.0	fresh	not_recorded	not_recorded	not_recorded
MA0106.3	TP53	TP53	9606	Homo sapiens	HT-SELEX	p53 domain factors	p53-related factors	18	18978.111111111109	MA0106.3.jaspar	f760e76afc8e0881dec2e6662e518e8b676263c22826b5a65728242baa2c061a	https://jaspar.elixir.no/api/v1/matrix/MA0106.3.jaspar	2026-08-29	CC-BY-4.0	fresh	not_recorded	not_recorded	not_recorded
MA0112.4	ESR1	ESR1	9606	Homo sapiens	HT-SELEX	Nuclear receptors with C4 zinc fingers	Steroid hormone receptors (NR3)	15	570.73333333333335	MA0112.4.jaspar	659e5b55b29ad9430d7d1047e8ca104bdb4338402aa8adc5ecd2acc7a1cd0c11	https://jaspar.elixir.no/api/v1/matrix/MA0112.4.jaspar	2026-08-29	CC-BY-4.0	fresh	not_recorded	not_recorded	not_recorded
MA0148.5	FOXA1	FOXA1	9606	Homo sapiens	ChIP-seq	Fork head/winged helix factors	FOX	8	322803	MA0148.5.jaspar	2873dd7a102967faf776ae2246b8df91d5d2a63fd6cd95308c6ffa177fbf180c	https://jaspar.elixir.no/api/v1/matrix/MA0148.5.jaspar	2026-08-29	CC-BY-4.0	fresh	not_recorded	not_recorded	not_recorded
MA0114.5	HNF4A	HNF4A	9606	Homo sapiens	ChIP-seq	Nuclear receptors with C4 zinc fingers	RXR-related receptors (NR2)	9	46504	MA0114.5.jaspar	76f2a8c1d9e4ee7dedb74713878aa9242b968e2ec7f1bd629e3246a8337f6585	https://jaspar.elixir.no/api/v1/matrix/MA0114.5.jaspar	2026-08-29	CC-BY-4.0	fresh	not_recorded	not_recorded	not_recorded
MA0039.5	KLF4	KLF4	9606	Homo sapiens	ChIP-seq	C2H2 zinc finger factors	Three-zinc finger Kruppel-related	8	55817	MA0039.5.jaspar	59ea6aaf3c7184da3ff040a2283fd67b3da55a7c83293e1169cbdde77906f925	https://jaspar.elixir.no/api/v1/matrix/MA0039.5.jaspar	2026-08-29	CC-BY-4.0	fresh	not_recorded	not_recorded	not_recorded
MA0147.4	MYC	MYC	9606	Homo sapiens	ChIP-seq	Basic helix-loop-helix factors (bHLH)	bHLH-ZIP	8	4942	MA0147.4.jaspar	042de6b89e4f248ec0ea4d34b35b235be542d58e5e9a8c54a2b9e00f7906a6b4	https://jaspar.elixir.no/api/v1/matrix/MA0147.4.jaspar	2026-08-29	CC-BY-4.0	fresh	not_recorded	not_recorded	not_recorded
MA0024.3	E2F1	E2F1	9606	Homo sapiens	HT-SELEX	Fork head/winged helix factors	E2F	12	874.83333333333337	MA0024.3.jaspar	b5d0cc4596e5b02108fde6947fc077c41cf163eca2119d7da382c5f9a6dd8e28	https://jaspar.elixir.no/api/v1/matrix/MA0024.3.jaspar	2026-08-29	CC-BY-4.0	fresh	not_recorded	not_recorded	not_recorded
MA0137.4	STAT1	STAT1	9606	Homo sapiens	ChIP-seq	STAT domain factors	STAT factors	9	3629	MA0137.4.jaspar	296bbd285a452d12136785642c24ef919e4310dc9b1d346ca4eae12ba51b17fe	https://jaspar.elixir.no/api/v1/matrix/MA0137.4.jaspar	2026-08-29	CC-BY-4.0	fresh	not_recorded	not_recorded	not_recorded
MA0050.2	IRF1	IRF1	9606	Homo sapiens	ChIP-seq	Tryptophan cluster factors	Interferon-regulatory factors	21	1362	MA0050.2.jaspar	f54135e9ca10a909291b4dd83aba0034a8a1de57772e87d296fab78cf9c0ed1f	https://jaspar.elixir.no/api/v1/matrix/MA0050.2.jaspar	2026-08-29	CC-BY-4.0	fresh	not_recorded	not_recorded	not_recorded
MA0014.4	PAX5	PAX5	9606	Homo sapiens	ChIP-seq	Paired box factors	Paired domain only	8	1412	MA0014.4.jaspar	58344dab85bcfb2c7398c33c12bd02aa4e6bb8caeb8f7730948d1edcc30f487b	https://jaspar.elixir.no/api/v1/matrix/MA0014.4.jaspar	2026-08-29	CC-BY-4.0	fresh	not_recorded	not_recorded	not_recorded
MA0060.4	NFYA	NFYA	9606	Homo sapiens	ChIP-seq	Heteromeric CCAAT-binding factors	Heteromeric CCAAT-binding	8	4825	MA0060.4.jaspar	5541d9aa0b5464e9c170364504e91088814c8c58aea065138698be0e8810ddbf	https://jaspar.elixir.no/api/v1/matrix/MA0060.4.jaspar	2026-08-29	CC-BY-4.0	fresh	not_recorded	not_recorded	not_recorded
MA0931.2	ABI5	ABI5	3702	Arabidopsis thaliana	PBM	Basic leucine zipper factors (bZIP)	Group A	8	999.75	MA0931.2.jaspar	d2a98a8653a23b453164dfb5e38bc4996242002110cb2a41c4c33efbaadf156e	https://jaspar.elixir.no/api/v1/matrix/MA0931.2.jaspar	2026-08-29	CC-BY-4.0	fresh	not_recorded	not_recorded	not_recorded
MA0561.1	PIF4	PIF4	3702	Arabidopsis thaliana	ChIP-seq	Basic helix-loop-helix factors (bHLH)	bHLH	8	335	MA0561.1.jaspar	b6106e169e855def8306f6f94802b4611b25968e8fdaf1ae1ba8ac0688ae9742	https://jaspar.elixir.no/api/v1/matrix/MA0561.1.jaspar	2026-08-29	CC-BY-4.0	fresh	not_recorded	not_recorded	not_recorded
MA0022.1	DL	dl	7227	Drosophila melanogaster	SELEX	Rel homology region (RHR) factors		12	13	MA0022.1.jaspar	52d342f33c87fe2585ee8b115aef3be091a6f04008734c200e23a31ff2d3a7ab	https://jaspar.elixir.no/api/v1/matrix/MA0022.1.jaspar	2026-08-29	CC-BY-4.0	fresh	not_recorded	not_recorded	not_recorded
MA0249.3	TWI	twi	7227	Drosophila melanogaster	ChIP-seq	Basic helix-loop-helix factors (bHLH)	Tal-related	7	2896	MA0249.3.jaspar	c06c5592dd3db7cb39f24347f3f3e94fd2fcf333d43ff9054f8505cbef4cde68	https://jaspar.elixir.no/api/v1/matrix/MA0249.3.jaspar	2026-08-29	CC-BY-4.0	fresh	not_recorded	not_recorded	not_recorded
MA0942.2	ARF1	ARF1	3702	Arabidopsis thaliana	PBM	B3	ARF	7	1000.2857142857143	MA0942.2.jaspar	dd20e1b657907cb1e641848bba91199dce9da9dfa599b58c9560b009a4f8d624	https://jaspar.elixir.no/api/v1/matrix/MA0942.2.jaspar	2026-09-09	CC-BY-4.0	fresh	24485461	9188533	Q8L7G0
MA0565.3	FUS3	FUS3	3702	Arabidopsis thaliana	DAP-seq	B3	LAV	7	1146	MA0565.3.jaspar	363748322fddf15d2e86a17609788f6407d09663537fc7cc03c3bef1a78dbde7	https://jaspar.elixir.no/api/v1/matrix/MA0565.3.jaspar	2026-09-09	CC-BY-4.0	fresh	27203113	23314941	Q9LW31
MA1199.1	AGL16	AGL16	3702	Arabidopsis thaliana	DAP-seq	MADS box factors	Type II	15	418	MA1199.1.jaspar	8471d22881b94c674fb710c4e3d7bdf573eaa573f583b511f4474428f2cc8431	https://jaspar.elixir.no/api/v1/matrix/MA1199.1.jaspar	2026-09-09	CC-BY-4.0	fresh	27203113	12743119	A2RVQ5
MA1012.1	AGL27	AGL27	3702	Arabidopsis thaliana	ChIP-seq	MADS box factors	Type II	14	142	MA1012.1.jaspar	1696b3ecf782249101f92fa1bf73c89fd2c3011ad7cb80bd9a6e3cc43663c791	https://jaspar.elixir.no/api/v1/matrix/MA1012.1.jaspar	2026-09-09	CC-BY-4.0	fresh	25361952	24067612	Q9AT76
MA1258.2	DREB2A	DREB2A	3702	Arabidopsis thaliana	DAP-seq	AP2/EREBP	ERF/DREB	9	581	MA1258.2.jaspar	53e1c15516db299b5e77792d2c5113542d7de6a7bd75bb34588a8d29f810a9f1	https://jaspar.elixir.no/api/v1/matrix/MA1258.2.jaspar	2026-09-09	CC-BY-4.0	fresh	27203113	9952441	O82132
MA0992.3	ERF4	ERF4	3702	Arabidopsis thaliana	DAP-seq	AP2/EREBP	ERF/DREB	9	1023	MA0992.3.jaspar	b85c5d73f9656e7e5080292995c88d7a5f02b58eb06f91742a86162b08e961e6	https://jaspar.elixir.no/api/v1/matrix/MA0992.3.jaspar	2026-09-09	CC-BY-4.0	fresh	27203113	9756931	O80340
MA1040.1	MYB46	MYB46	3702	Arabidopsis thaliana	PBM	Tryptophan cluster factors	MYB	8	1000.125	MA1040.1.jaspar	b3a01210ac8997f8b5a0d5e3e1a408b9fc482687cce8b5a78fefbb007165780c	https://jaspar.elixir.no/api/v1/matrix/MA1040.1.jaspar	2026-09-09	CC-BY-4.0	fresh	24477691	22197883	Q9LXV2
MA1779.2	MYB83	MYB83	3702	Arabidopsis thaliana	DAP-seq	Tryptophan cluster factors	MYB	8	1000	MA1779.2.jaspar	e8975a909011d51d9c27159b16eee601d3f330d9f07632706ed396e9cdec70d1	https://jaspar.elixir.no/api/v1/matrix/MA1779.2.jaspar	2026-09-09	CC-BY-4.0	fresh	27203113	25220462	Q9C6U1
MA1786.2	NAC019	NAC019	3702	Arabidopsis thaliana	PBM	GCM domain factors	NAC	7	1000	MA1786.2.jaspar	e5f543c6c75a3cd5e5474dce195a2642ffd1c1770f8d7029bc6a691e4085dcc4	https://jaspar.elixir.no/api/v1/matrix/MA1786.2.jaspar	2026-09-09	CC-BY-4.0	fresh	24914054	27203113	Q9C932
MA0937.1	NAC055	NAC055	3702	Arabidopsis thaliana	PBM	GCM domain factors	NAC	8	999.875	MA0937.1.jaspar	88ab96e9766d9b7ce0fb3cad0ec3d0fe7a81c6a9db49d9c9f38aa270b5873612	https://jaspar.elixir.no/api/v1/matrix/MA0937.1.jaspar	2026-09-09	CC-BY-4.0	fresh	24477691	24914054	Q9LDY8
MA1301.2	WRKY33	WRKY33	3702	Arabidopsis thaliana	DAP-seq	GCM domain factors	WRKY	10	598	MA1301.2.jaspar	dc91cc31059e8fe6408a5c9b49c7410e132ee4404acd58e2c3b9528d2bac5f03	https://jaspar.elixir.no/api/v1/matrix/MA1301.2.jaspar	2026-09-09	CC-BY-4.0	fresh	27203113	11449049	Q8S8P5
MA1308.2	WRKY70	WRKY70	3702	Arabidopsis thaliana	DAP-seq	GCM domain factors	WRKY	10	599	MA1308.2.jaspar	882e8303881a48b1e986595098831082484c077e9b4f75b178a25fce420c2ff3	https://jaspar.elixir.no/api/v1/matrix/MA1308.2.jaspar	2026-09-09	CC-BY-4.0	fresh	27203113	11449049	Q9LY00
