"Gene.Symbols","UniProt.IDs","High temp. Remodeling Score","Amino acids Remodeling Score","Anaerobic Remodeling Score","Galactose Remodeling Score","Glucose Remodeling Score","Max growth rate Remodeling Score","Near-zero growth Remodeling Score","Stationary phase Remodeling Score","Xylose Remodeling Score"
"gltX;gltD;aegA;gltI;gltA;gltD;gltB","P04805;P09832;P37127;P37902;P0ABH7;P09832;P09831",-0.398232042960436,-0.362572758545728,-0.316114668813466,-0.325391434475579,-0.400424062162658,-0.42647334494967,-0.397604433580249,-0.348052085755272,-0.408343544007245
"rpmJ;rplM;rplS;rplY;rpoA;rplT;rplC;rplQ;rplR;rplJ;rpmC;rpmB;rpmE;rpmA;rplV;rplD;rplK;rplX;rplE;rplA;rplN;rpmG;rplI;rpmD;rplB;rpmF;rpoB;rpmH;rplL;rplW;rplO;rplU;rplF;rplP;rpmI","P0A7Q6;P0AA10;P0A7K6;P68919;P0A7Z4;P0A7L3;P60438;P0AG44;P0C018;P0A7J3;P0A7M6;P0A7M2;P0A7M9;P0A7L8;P61175;P60723;P0A7J7;P60624;P62399;P0A7L0;P0ADY3;P0A7N9;P0A7R1;P0AG51;P60422;P0A7N4;P0A8V2;P0A7P5;P0A7K2;P0ADZ0;P02413;P0AG48;P0AG55;P0ADY7;P0A7Q1",-0.0682324992352533,-0.0717412392957834,0.0566853892776431,-0.397449900245283,0.260301348507554,0.0170175950103484,0.0428018763696902,-0.161462722476923,0.0787144120398777
"sucB;ssb;stpA;speA;speB;sspA;sucA;srlB;spy;srmB;solA;sthA;sucC;sseA;srlR;speG","P0AFG6;P0AGE0;P0ACG1;P21170;P60651;P0ACA3;P0AFG3;P05706;P77754;P21507;P40874;P27306;P0A836;P31142;P15082;P0A951",0.124616198389448,-0.131674912537358,-0.0102616226251346,0.00950776175989624,0.0234421315531969,0.113064847014804,-0.368247247938528,-0.232082550906252,0.116734919782565
"rpoE;rpoS;rpoB;rpoD;rpoC;rpoH","P0AGB6;P13445;P0A8V2;P00579;P0A8T7;P0AGB3",-0.0447010709485009,-0.273140406957737,-0.635781764684771,-0.0240525994419899,0.056507232985129,-0.422624423452832,-0.53363942286972,-0.479444625647646,0.353807784962504
"rpsD;rpsL;rpsB;rpsC;rpsJ;rpsU;rpsI;rhlE;rpsE;rpoS;rpsN;rpsH;sra;rpsF;rpsO;rpsP;rpsA;rpsQ;rpsR;raiA;rpsK;rpsM;rpsT;rpsG;rpoZ;rpsS","P0A7V8;P0A7S3;P0A7V0;P0A7V3;P0A7R5;P68679;P0A7X3;P25888;P0A7W1;P13445;P0AG59;P0A7W7;P68191;P02358;P0ADZ4;P0A7T3;P0AG67;P0AG63;P0A7T7;P0AD49;P0A7R9;P0A7S9;P0A7U7;P02359;P0A800;P0A7U3",-0.246531566525081,-0.246222115089743,-0.3377508291636,-0.448601015302948,0.133727620500049,-0.159210138474542,-0.379980530960505,-0.384427847798792,-0.152112323957986
"gabD;fumC;fucO;fumA;fumB;fucU;fumB;fumA;fusA","P25526;P05042;P0A9S1;P0AC33;P14407;P0AEN8;P14407;P0AC33;P0A6M8",-0.289592729628071,0.0337061101539426,-0.746634167034686,-0.499405521179082,-0.665773545068965,-0.122206497953191,-0.819260315061759,-0.730895620393975,-0.394215367936073
"yaeQ;yaeH;xylR;xylG;yaaA;yacC;xthA;xylB;xylF;xylA;yacG","P0AA97;P62768;P0ACI3;P37388;P0A8I3;P0AA95;P09030;P09099;P37387;P00944;P0A8H8",0.0187604333686932,-0.161931811298304,-0.153974987114625,-0.0351701549345149,-0.024788941976988,-0.0196502295427544,-0.0714075490925488,-0.160516862269185,0.191292317632309
"lysA;ltaE;lsrR;lsrB;lysC;lpxD;luxS;lsrF;lysS;lysU;lysU;lysS","P00861;P75823;P76141;P76142;P08660;P21645;P45578;P76143;P0A8N3;P0A8N5;P0A8N5;P0A8N3",-0.125532018821288,-0.155816086022768,0.0290367402873408,-0.406153676426609,-0.180966084384413,-0.140679418869299,-0.336698465175044,-0.210108448474564,-0.307901972014777
"ileS;icd;ilvD;ihfA;infA;ihfB;ilvC;ilvN;ilvB;ilvI;ilvA;ilvE;ilvH;ibaG;idi;ibpB;ibpA","P00956;P08200;P05791;P0A6X7;P69222;P0A6Y1;P05793;P0ADF8;P08142;P00893;P04968;P0AB80;P00894;P0A9W6;Q46822;P0C058;P0C054",0.120325537106684,0.0173362381519396,0.212794289679117,-0.0245285664348969,0.055892392146945,0.117473256037145,-0.0241812758764362,0.0396036823879113,-0.00205956412443865
"rfaF;rcsB;rdgC;recA;rdgB;recG;rcnR;rcsF;relA","P37692;P0DMC7;P36767;P0A7G6;P52061;P24230;P64530;P69411;P0AG20",-0.440421182704319,-0.22487822314554,-0.416033380203642,-0.053384695025727,-0.104069019387108,-0.300852313352984,-0.370753404651275,-0.392604564304576,-0.402490888415398
"nfo;narP;nei;nemA;nemR;nhaR;nfuA;nfi;nfsB;ndk;nfsA","P0A6C1;P31802;P50465;P77258;P67430;P0A9G2;P63020;P68739;P38489;P0A763;P17117",-0.280037059061389,-0.138320910358516,-0.147369074767739,-0.13104486551684,0.0534859269190479,0.036259685466204,-0.105762046280013,-0.31531240444612,-0.319312362857018
"hldE;hisS;hiuH;hisH;hisG;hisI;hisF;hmp;hisJ;hisP;holA","P76658;P60906;P76341;P60595;P60757;P06989;P60664;P24232;P0AEU0;P07109;P28630",-0.108370079638288,-0.289969373635812,-0.725996723009446,-0.426091243746313,-0.0874087009569183,-0.364495398989552,-0.498637698130481,-0.416096125278313,-0.322974061178657
"cspE;cspC;crr;cspI;cspB;csrA;cspD;cspA;csdE;csiD;cspG","P0A972;P0A9Y6;P69783;P0A986;P36995;P69913;P0A968;P0A9X9;P0AGF2;P76621;P0A978",0.212879515223682,0.502284158631106,-0.104112677596991,-0.0939057699237064,0.0834501087169691,-0.0459537377391095,-0.3450284544044,-0.154743815582711,0.226741641462837
"phoA;phnP;phoB;phoU;phoQ","P00634;P16692;P0AFJ5;P0A9K7;P23837",-0.615361435166911,-0.228285939042556,-0.394681206915297,-0.76728905957237,-0.444989924764328,-0.0462422388357398,-0.61770930451136,-0.396454794714316,-0.572105813076566
"rfaH;relE;yefM;relB;mqsA;mazF;rfaF;recG;dinD;relA;dinJ","P0AFW0;P0C077;P69346;P0C079;Q46864;P0AE70;P37692;P24230;P23840;P0AG20;Q47150",0.374953426471456,0.0722826516098072,0.0990794824117281,0.276742679524548,0.308992550396592,0.178909875542506,-0.079188571720143,-0.0330424314773724,0.0493795036818898
"argA;argB;argI;argP;argF;argG;argE;argT;hisJ;argS;argD;argT;arcB;argH;argR","P0A6C5;P0A6C8;P04391;P0A8S1;P06960;P0A6E4;P23908;P09551;P0AEU0;P11875;P18335;P09551;P0AEC3;P11447;P0A6D0",0.108641140802948,-0.165699877099115,0.156541918268428,0.231882718303112,0.187875566834651,-0.0459759753672983,-0.0211269920729634,0.0560806936751168,-0.00549587728686911
"fnr;folC;folE;folM;folP;flu;folD;folK;fmt;folA","P0A9E5;P08192;P0A6T5;P0AFS3;P0AC13;P39180;P24186;P26281;P23882;P0ABQ4",0.541769378981049,0.0623979734947943,0.188300658327885,0.263123505019206,0.365962844832789,0.266311767287226,-0.0129630211685005,0.0402240218555929,0.345305527362663
"hisS;hisC;hisH;hisG;hisA;hisI;hisB;hinT;hisF;hisD","P60906;P06986;P60595;P60757;P10371;P06989;P06987;P0ACE7;P60664;P06988",-0.0325653597881844,-0.16981120142946,0.019772935482295,-0.158944574274485,-0.0720335754366662,-0.298097267729955,-0.418790406905512,-0.215703836782653,-0.0915751748000822
"yjiM;yjjG;yjhU","P39384;P0A8Y1;P39356",0.279263841076787,0.332542800190428,0.697589716665597,0.228558709821361,0.42941051372428,0.208573069303872,0.0953465419538256,0.267067160109783,0.0730667067627746
"cspI;cueO;cusF;cspG;curA;cusB;cusC;csrD","P0A986;P36649;P77214;P0A978;P76113;P77239;P77211;P13518",0.491063536877867,-0.259382732311514,-0.45666140296067,-0.21657630891675,-0.141309418734835,-0.592273370851937,-0.60874509364679,-0.589723809477784,-0.293626171467925
"yrdA;yraP;yrdD","P0A9W9;P64596;P45771",0.133211448669097,-0.0722605018846883,-0.134297868861667,-0.668412463365541,-0.402179106411721,-0.181557761688219,-0.573070730676576,-0.633921155770842,-0.45429250189087
"znuA;zntR;zipA;ytfJ;ytfB;zapB;zapD;ytfE;zapE;zapA;ytfQ","P39172;P0ACS5;P77173;P39187;P39310;P0AF36;P36680;P69506;P64612;P0ADS2;P39325",0.093302178731374,-0.0284789983582941,-0.0205046159560323,0.400546111562633,-0.173684777566478,-0.0525981201541163,0.0599400208447267,0.179988334482032,-0.114722746417184
"amiA;ampD;anmK;amiB;alsB;araF;apt;aphA;ampC;appA;ansB;alr","P36548;P13016;P77570;P26365;P39265;P02924;P69503;P0AE22;P00811;P07102;P00805;P0A6B4",-0.567953980284695,-0.350558144693526,-0.714670044990316,-0.731074076532492,-0.401968718499336,-0.531883446580196,-0.623755602582404,-0.451246028603614,-0.377573828173514
"gloA;glpB;gloB;glnS;glnQ;glpD;glpA","P0AC81;P13033;P0AC84;P00962;P10346;P13035;P0A9C0",0.755192349644958,0.538666490401788,0.693049438577551,0.782570865513138,0.832394415984799,0.713164046289908,0.565571773805077,0.444830358303981,0.543081097766993
"gpt;grcA;gpmA;gpmB;gpmI;gpsA;greA;greB;gppA;gpr;groL;groS","P0A9M5;P68066;P62707;P0A7A2;P37689;P0A6S7;P0A6W5;P30128;P25552;Q46851;P0A6F5;P0A6F9",0.00635067956639074,-0.142662931979244,-0.354400094815505,-0.184907787842151,-0.019456157934357,-0.264967736465435,-0.359408797255398,-0.276194990653073,-0.232027996969025
"hslU;htpG;hupA;hupB;hyaB;hyaD;hupA;hslV;rpiR;hslO;hyaA;hslV;sspB;hupB","P0A6H5;P0A6Z3;P0ACF0;P0ACF4;P0ACD8;P19930;P0ACF0;P0A7B8;P0ACS7;P0A6Y5;P69739;P0A7B8;P0AFZ3;P0ACF4",0.79179632317017,0.0349891014468045,-0.0116791048060914,0.220232809876595,0.528387035192171,0.440863110203316,0.209094572461118,0.23019607668636,0.282642154424619
"fabF;fadB;fabH;fadD;fabD;fabI;fabG;fbp;fadH;fbaA;fadA;fcl;fdhD;fadR;fabB;fadM;fbaB","P0AAI5;P21177;P0A6R0;P69451;P0AAI9;P0AEK4;P0AEK2;P0A993;P42593;P0AB71;P21151;P32055;P32177;P0A8V6;P0A953;P77712;P0A991",0.0128366335637405,0.0358309535319718,-0.0335789376554056,-0.0938411393135322,-0.0466932501996264,-0.172911387022448,-0.294919890833927,-0.224719421308161,-0.179140132984067
"parC;patA;pdxB;pdxJ;pckA;panM;pdxH;pdhR;pdxA;parE;pcm;pbpG","P0AFI2;P42588;P05459;P0A794;P22259;P37613;P0AFI7;P0ACL9;P19624;P20083;P0A7A5;P0AFI5",-0.225840787252749,-0.267697599663355,-0.113796277350746,0.00230967880790314,-0.121121556471569,-0.18736151720575,-0.17252469600009,-0.205245638874695,-0.223386046998257
"aspC;astC;astE;astB;astD;aspS","P00509;P77581;P76215;P76216;P76217;P21889",0.309933354366884,-0.835931416311154,0.23063679174688,-0.208116639138083,0.0394500062228322,0.0702930335636263,-0.516254704222877,-0.603139451276244,-0.141256626105918
"deaD;degP;dedD;deoB;deoC;def;degQ;deoA;ddlB;ddlA;ddpA","P0A9P6;P0C0V0;P09549;P0A6K6;P0A6L0;P0A6K3;P39099;P07650;P07862;P0A6J8;P76128",-0.0181147962752395,-0.15397603572979,-0.164871427056152,-0.0222387844031205,-0.0668476021798593,-0.152007327295541,-0.0985347547364818,0.119909196510448,-0.0706228646168293
"rlmG;rlmA;rlmF;rimO;rlmB;rlmJ;rlmD;rlmI;rimL","P42596;P36999;P75782;P0AEI4;P63177;P37634;P55135;P75876;P13857",0.0685584575674013,-0.109637123974672,-0.0350141456020629,0.0798754020759172,0.128446216698164,-0.112392265366167,-0.0897860532918589,-0.0741642004238735,0.0428938984895193
"pdxJ;pepT;pepA;pepD;pepB;pdxY;pepN;pfkA;pepQ;pdxK;pfkB;pepP;pepE","P0A794;P29745;P68767;P15288;P37095;P77150;P04825;P0A796;P21165;P40191;P06999;P15034;P0A7C6",0.110036544724426,0.00823940477935451,0.0869445892342485,-0.0653332858115068,0.0867662631680342,-0.189362342303615,-0.318339853106092,-0.245154905943289,-0.0174677360882232
"mscM;mreC;mrcB;mrp;mscK;mreB;mrr;mrcA","P39285;P16926;P02919;P0AF08;P77338;P0A9X4;P24202;P02918",-0.526748321505178,-0.164814157424987,-0.77164038626754,-0.464331475670207,-0.580644865900246,-0.617707641803099,-0.720679644732101,-0.758085429274734,-0.432607743042774
"grpE;grxD;grxA;grxC;gsiB;gshA;gshB;gss;groS;grxB;gsk","P09372;P0AC69;P68688;P0AC62;P75797;P0A6W9;P04425;P0AES0;P0A6F9;P0AC59;P0AEW6",-0.0846290357142657,-0.134874244602697,-0.487209990816284,-0.301745900734501,-0.284313075950237,-0.370866219212527,-0.392886127917316,-0.303382881996418,-0.213304221465131
"malP;malE;malS;maeA;maeB;mak;maa;malQ;macA;malM","P00490;P0AEX9;P25718;P26616;P76558;P23917;P77791;P15977;P75830;P03841",-0.245701608745249,-0.260061616863348,-0.573122226684978,-0.260552296804833,-0.428928047187537,-0.4580284743569,-0.35787006805919,-0.328148402158968,-0.247743479032253
"acuI;add;adhE;acs;adk;aegA;adhP;ade","P26646;P22333;P0A9Q7;P27550;P69441;P37127;P39451;P31441",0.0829654404445947,0.39251070051499,0.319047274983408,0.095031787831783,0.260302969047923,0.538036638421465,-0.0638666341775836,0.523724770943936,0.182915797540231
"tesB;thiG;thiC;tesA;tehB;thiM;thiE;thiD;thiB;thiF;thiS;tgt;thrA;thiI","P0AGG2;P30139;P30136;P0ADA1;P25397;P76423;P30137;P76422;P31550;P30138;O32583;P0A847;P00561;P77718",-0.0244304303869127,-0.253035422434628,-0.296937413977692,-0.139004527167907,-0.106023500870863,-0.225784040618164,-0.351324098606256,-0.241437296670016,-0.18435457543735
"gatZ;kbaZ;gatB;gatA;garR;gatR;garD;gcvA;gapA;garL;gatY;garK;gcvP;gatD;gatZ","P0C8J8;P0C8K0;P37188;P69828;P0ABQ2;P36930;P39829;P0A9F6;P0A9B2;P23522;P0C8J6;P23524;P33195;P0A9S3;P0C8J8",0.370538600366994,0.352587247864379,0.299523445294592,0.38578550099481,0.177812616799096,0.199590317230941,0.0291833055660399,0.255230091979802,0.315293940683604
"gadA;gadB;gadC;gadB;gabD;gadA;galE;galF;galK;galM;gabT","P69908;P69910;P63235;P69910;P25526;P69908;P09147;P0AAB6;P0A6T3;P0A9C3;P22256",-0.176783066213471,-0.13255921670073,-0.210211416180952,-0.370059977557083,-0.386121537954041,-0.084972912753164,0.121880081350806,-0.074678497892833,-0.304541094679771
"ptsI;pta;psiF;ptsH;ptsG;prr;ptrB;prs;pspA;pth;pstS;psd;pspE;ptrA","P08839;P0A9M8;P0AFM4;P0AA04;P69786;P77674;P24555;P0A717;P0AFM6;P0A7D1;P0AG82;P0A8K1;P23857;P05458",-0.238295951780631,-0.157210699725499,-0.217937991737485,-0.585001776860893,-0.332107545200084,-0.337482887219123,-0.206304171237552,-0.338001962843022,-0.172990500913096
"nagD;nagZ;nanK;nagB;nadE;nagC;nagK;nadK;nagA;nanA;nadD;nagE;nanE","P0AF24;P75949;P45425;P0A759;P18843;P0AF20;P75959;P0A7B3;P0AF18;P0A6L4;P0A752;P09323;P0A761",-0.214423762136204,-0.172480078738475,-0.00759561088178549,-0.0925993052427447,-0.144760775370396,-0.10353002317978,-0.313877901689753,-0.176643560443853,-0.159800267215524
"kdsB;kdsD;katG;kdgR;kdsA;kbl;ivy;kch;kdsC;kdgK;katE;ispU;jayE;kdpE","P04951;P45395;P13029;P76268;P0A715;P0AB77;P0AD59;P31069;P0ABZ4;P37647;P21179;P60472;P75981;P21866",-0.0331523206394407,-0.187486976742045,0.00394231125903012,-0.162468140688069,0.0121610130215262,-0.119425295889122,-0.179084152052984,-0.144936799289971,-0.195840561258902
"bcp;betB;bepA;bcsC;bcsG;bfr","P0AE52;P17445;P66948;P37650;P37659;P0ABD3",0.243735651122776,-0.059703979940496,0.157840717072462,0.0992617869590853,-0.0772399713278521,0.18082640100595,-0.0368694012622089,0.0930095452012612,0.0427666946613052
"yfiC;yfgJ;yfhM;yfeW;yfgD;yfiF;yfiH;yffB;ygaU;ygaM;yfgI;yfgM;ygaC;yffS","P31825;P76575;P76578;P77619;P76569;P0AGJ5;P33644;P24178;P0ADE6;P0ADQ7;P76573;P76576;P0AD53;P76550",0.247808960397711,0.0631119631924471,-0.010199719930829,0.136730911858196,0.077408238262065,0.149858920433763,0.0132817023216627,0.0679986482090506,0.0626789401989852
"yjeI;yjbD;yjbR;yjdC;yjdI;yjgR;yjbJ;yjbQ;yiiS;yjhC;yjgA;yjdJ;yjcO","P0AF70;P32685;P0AF50;P0ACU7;P0AF59;P39342;P68206;P0AF48;P32162;P39353;P0A8X0;P39274;P0AF56",0.0490916915118946,-0.0141018094966676,-0.129480569785206,-0.0376651691797344,0.0499432193347133,-0.145244087999859,0.139243728639369,0.0528509622088445,-0.118957993372403
"aceB;aceE;aceF;acnB;accD;ackA;accC;aceA;aaeR;acpP;acnA;accB;accA","P08997;P0AFG8;P06959;P36683;P0A9Q5;P0A6A3;P24182;P0A9G6;P67662;P0A6A8;P25516;P0ABD8;P0ABD5",0.0909416272981682,-0.203030620973586,0.03193419592026,-0.0926030351399362,-0.142703754993615,0.0238011505084234,-0.246597710835645,-0.125361505264691,0.0597257278191501
"ychJ;ycgM;yciA;ycgL;ycgJ;yciO;yciK;ychF;yciE;ychN;yciN;yciI;ycfS;yciF;yciG;yciH","P37052;P76004;P0A8Z0;P0AB43;P76001;P0AFR4;P31808;P0ABU2;P21363;P0AB52;P0AB61;P0AB55;P75954;P21362;P21361;P08245",-0.223710105023734,-0.252063898677945,-0.175133445488579,0.0184990079936153,-0.0762204233894607,-0.176508256677341,-0.606815931359084,-0.342018098269337,-0.507614561773485
"aroP;artJ;aroB;aroG;aroF;arsC;aroF;aroD;arnB;aroK;aroE;aroA;aroH;ascG;aroG;aroL;artI","P15993;P30860;P07639;P0AB91;P00888;P0AB96;P00888;P05194;P77690;P0A6D7;P15770;P0A6D3;P00887;P24242;P0AB91;P0A6E1;P30859",0.149308541967654,0.0123957110762576,0.166779847672303,0.0767285185017505,0.232071722248499,0.186830183465677,0.00987536224460398,0.176750000038125,0.0888644230319086
"phnA;pflB;tdcE;pgm;pflB;grcA;pgk;pgl;pheS;pheA;pflA;pgi;pheT;phnB;pflB","P0AFJ1;P09373;P42632;P36938;P09373;P68066;P0A799;P52697;P08312;P0A9J8;P0A9N4;P0A6T1;P07395;P16681;P09373",-0.188087327015183,-0.169688576330019,-0.179837622229563,-0.437937946793576,-0.338712712682364,-0.398853606670551,-0.504507014003144,-0.515712913671087,-0.29985633066032
"ileS;ilvD;iscA;infA;ihfB;ilvC;infB;ilvN;infC;insC6;insC5;insC4;insC3;insC2;insC1;ilvB;ilvI;insE5;insE4;insE3;insE2;insE1;ilvA;ilvE;ilvH","P00956;P05791;P0AAC8;P69222;P0A6Y1;P05793;P0A705;P0ADF8;P0A707;P0CF45;P0CF44;P0CF43;P0CF42;P0CF41;P0CF40;P08142;P00893;P0CF70;P0CF69;P0CF68;P0CF67;P0CF66;P04968;P0AB80;P00894",0.0425427846269075,-0.247171445090259,0.137723560903038,-0.242097437155421,-0.157205563920822,-0.017543611762343,-0.279797684064346,-0.239269597697908,-0.195838788386715
"slyX;smrA;slt;skp;slyD;slyB;sixA;slmA;slyA;sgcQ","P0A8R4;P76053;P0AGC3;P0AEU7;P0A9K9;P0A905;P76502;P0C093;P0A8W2;P39364",0.129498154729462,-0.114530282814176,0.186686145133494,0.05464168164081,0.251976197936577,-0.040613025272769,-0.138651330066602,-0.0915853304005886,-0.0528193958061195
"yibF;yiaO;yhjJ;yiaD;yhhA;yhiN;yhhW;yhhX;yhiI;yhgF;yibL","P0ACA1;P37676;P37648;P37665;P0ADX7;P37631;P46852;P46853;P37626;P46837;P0ADK8",0.292383582551375,0.363065694426538,0.19123237440766,0.360969926639011,0.156107772939221,0.00839499550234925,0.127603893437885,0.355195575906023,0.328260097806274
"purM;purE;purA;purC;purD;purK;purB;purF;ptsN;purL;purH","P08178;P0AG18;P0A7D4;P0A7D7;P15640;P09029;P0AB89;P0AG16;P69829;P15254;P15639",-0.00870589519745695,0.194948316461943,-0.0580802158112023,0.0622330201498113,0.0763521418765199,-0.0672893081620796,-0.348561920017402,-0.176033127505093,0.191062066527145
"prfC;preT;prfB;preA;priB;prfA;priA","P0A7I4;P76440;P07012;P25889;P07013;P0A7I0;P17888",0.328934510929722,0.227618600268019,0.231927201947288,0.0948414111636072,0.666098145449837,0.237572691607421,0.0222742644037522,0.416307943474188,0.38388212459645
"dut;dusC;dusA;dtd;dxr","P06968;P33371;P32695;P0A6M4;P45568",0.171958595537848,-0.0215351287696125,-0.378204212916235,-0.177417532086731,-0.0139797621505315,-0.592601411328425,-0.796039197258752,-0.639710144086704,-0.303238876210047
"lipA;livK;lolA;livG;loiP;livF;lipB;lolD;livJ","P60716;P04816;P61316;P0A9S7;P25894;P22731;P60720;P75957;P0AD96",0.59769991900981,-0.301304035429049,0.0184944461476097,0.450170229894026,0.40002536301228,0.153929958209556,0.0792902615962722,0.426530064669951,0.21710097869259
"clpP;cheY;cmk;clpA;clpX;chpS;cirA;chiA;cmoA;chrR;clpB;chpB","P0A6G7;P0AE67;P0A6I0;P0ABH9;P0A6H1;P08365;P17315;P13656;P76290;P0AGE6;P63284;P33647",-0.173814629083412,-0.11578980888995,-0.185794196293958,-0.181529319682034,-0.159598492355399,-0.382849585406057,-0.365342742525829,-0.314240403921802,-0.384109890671097
"mdoG;mdoB;mdtE;mdh;menB;mdaB;mdoD;mdtA","P33136;P39401;P37636;P61889;P0ABU0;P0AEY5;P40120;P76397",-0.136419324658025,-0.148887021170981,-0.473879002579683,-0.339930113931619,-0.115104092874034,0.20767359246898,-0.321851528072557,0.0231477554834154,-0.0292421237380203
"ynfB;ynfE;ynfF;ynfF;ymgD;ynfD;ymdF;yciG;ynaE;ydfK;yncE;ynfG;ynfL;ynhG;ymdF;ynfE","P76170;P77374;P77783;P77783;P0AB46;P76172;P56614;P21361;P76073;P76154;P76116;P0AAJ1;P77559;P76193;P56614;P77374",0.328327778386545,0.102223044727282,0.308531317781181,0.302862781950877,0.300139954159061,0.457530907719109,0.491263022193544,0.47705619165658,0.0119347204134936
"rluD;rmlA1;rluA;rluE;rluF;rmuC;rmlA1;rmlA2;rmlA2;rluB;rmf","P33643;P37744;P0AA37;P75966;P32684;P0AG71;P37744;P61887;P61887;P37765;P0AFW2",0.177660814721295,0.301847808980548,0.0388518227230404,0.185690883138339,0.355880857280126,0.303582555444364,0.148792308561677,0.353354480040367,0.0605969505839572
"uup;uvrA;uvrC;uvrY;uvrD;uvrB","P43672;P0A698;P0A8G0;P0AED5;P03018;P0A8F8",0.143836675016238,0.0417224362312363,0.07789335467882,0.11915520558408,-0.281534621231091,0.139697917356089,0.305276343115126,-0.0839528306225801,-0.0168997941359519
"bcp;betB;azoR;bepA;bamA;bamD;bamB;bcsC;basR;bcsG;baeR;bamC;bfr","P0AE52;P17445;P41407;P66948;P0A940;P0AC02;P77774;P37650;P30843;P37659;P69228;P0A903;P0ABD3",0.341529066552187,0.120154765206133,0.265429250582477,0.162653292472764,0.242200214138299,0.268281015994037,0.102604653841821,0.013487566286675,0.167613823637466
"metB;metF;metG;metE;metK;metJ;metC;metH;menI;mepA;metN","P00935;P0AEZ1;P00959;P25665;P0A817;P0A8U6;P06721;P13009;P77781;P0C0T5;P30750",0.154929425672422,-0.321536897293133,0.00040910163731546,0.0404973475071522,0.137089837996632,0.0280294583393639,-0.129656371760939,-0.0357659721192741,-0.0375006010311509
"gadA;gadB;gadB;gadA;galT;garD;gapA;galU;galE;galF;galK;galM;galS;galR","P69908;P69910;P69910;P69908;P09148;P39829;P0A9B2;P0AEP3;P09147;P0AAB6;P0A6T3;P0A9C3;P25748;P03024",0.10032893475343,0.0387016548072953,0.110141755747663,-0.156773535410635,0.0220432151573692,0.178113682352085,0.038862460048224,0.181377916972768,-0.0640963768276095
"tnaA;tolB;tolC;tpiA;tktB;topA;tolA;tmk;tldD;tonB","P0A853;P0A855;P02930;P0A858;P33570;P06612;P19934;P0A720;P0AGG8;P02929",-0.897868228553887,-0.514561351930707,-0.731213866857305,-0.735076080868639,-0.913365393475129,-0.777715147840408,-0.808101770906858,-0.661792117487538,-0.785699737118529
"yggN;yghA;yggE;yggX;ygiL;ygiS;ygiB;yghU;ygiN;yghX;yggS;ygiF;yggU","P0ADS9;P0AG84;P0ADS6;P0A8P3;P39834;Q46863;P0ADT2;Q46845;P0ADU2;Q7DFU6;P67080;P30871;P52060",-0.0535352396408625,-0.0129843263531881,-0.152152648970996,0.0849286050354762,0.0372863747791676,0.0553590718236611,-0.111938718714966,-0.123844671205781,-0.14140481362358
"dnaG;dnaQ;dppA;dnaX;dppD;dnaT;dnaN;dpiA;dnaE","P0ABS5;P03007;P23847;P06710;P0AAG0;P0A8J2;P0A988;P0AEF4;P10443",0.346053839872462,0.330199353077515,0.467607348413914,0.297938210008571,0.145787850163774,0.273989253117192,0.21851029432279,0.341455670415594,0.246911060100835
"nrdB;nikA;nlpD;nirD;nirB;nlpA","P69924;P33590;P0ADA3;P0A9I8;P08201;P04846",-0.109865280981582,0.129006863875217,0.0495524527973996,0.105271453667404,0.0301437100524464,-0.249053272737776,-0.37425928524196,-0.0878431164125949,-0.0465976159736443
"secB;sdhA;secA;sdaA;sdaB;sdhB;sbcD;secG;secD;sdaB;sdaA","P0AG86;P0AC41;P10408;P16095;P30744;P07014;P0AG76;P0AG99;P0AG90;P30744;P16095",-0.0538644442048554,-0.344444146861352,-0.383153855724875,-0.30191306672327,-0.306506602350818,-0.386085714835519,-0.340641144317737,-0.271608131701306,-0.148287520939765
"era;ettA;erfK;erpA;eptB;epmB;eutL;fabB;exuR;eutC;eutM;evgA;fabA","P06616;P0A9W3;P39176;P0ACC3;P37661;P39280;P76541;P0A953;P0ACL2;P19636;P0ABF4;P0ACZ4;P0A6Q3",0.0802587241532057,-0.192257612312022,-0.196889697996425,-0.0898448982366833,-0.0708242560639634,-0.286399823011207,-0.0556837725367196,-0.202876888136092,-0.102067112260448
"lptA;lpxA;lptE;lpp;lptB;lptD;lpoA;lpxC;lpoB","P0ADV1;P0A722;P0ADC1;P69776;P0A9V1;P31554;P45464;P0A725;P0AB38",-0.141952046771563,0.259428311535119,-0.18516729106168,0.0431166022412559,-0.193367500596912,-0.160684967056866,-0.323178415100207,-0.053934645751423,-0.229296586322195
"trpE;trmJ;trpS;truB;truC;truD;trxB;trpA;trpB;trpR;truA;trmL;trpGD;trpC","P00895;P0AE01;P00954;P60340;P0AA41;Q57261;P0A9P4;P0A877;P0A879;P0A881;P07649;P0AGJ7;P00904;P00909",0.138718912819851,-0.110084769136389,0.0358644005022273,0.387988071570569,0.25053728427939,0.0165370778577622,-0.257768880264302,-0.029117477228879,-0.194614387612416
"ompR;opgE;osmC;orn;oppF;ompF;oppA;nusB;nusA;ompA;nusG;oppD;ompC;obgE;ogt","P0AA16;P75785;P0C0L2;P0A784;P77737;P02931;P23843;P0A780;P0AFF6;P0A910;P0AFG0;P76027;P06996;P42641;P0AFH0",-0.0100633304828431,0.064086913605347,0.10692976058366,-0.032241417706335,-0.0318866249216301,0.047207635134694,0.065289396146996,0.0229603392269456,0.0138726824195639
"asnA;asnS;aspA;asnB;asd;asnC","P00963;P0A8M0;P0AC38;P22106;P0A9Q9;P0ACI6",-0.102149030610144,0.0238735528673933,-0.0110436677054227,-0.0886901720027946,-0.314340674955843,-0.417936441286787,-0.68045015494321,-0.412080539511001,-0.22603629478626
"yebF;yebO;yebY;yeaO;yeaE;yeaH;yebE;yebV;yeaG;yeaC;yeaD;yebC;yeaK","P33219;P64499;P64506;P76243;P76234;P76235;P33218;P64503;P0ACY3;P76231;P39173;P0A8A0;P64483",0.0344679846727039,0.1859720106726,-0.0512079992554249,0.220370127043155,-0.0947617586270633,0.194675734877514,0.111979035948568,0.328753872027449,0.307663280123236
"hemB;hemE;hemF;hdfR;hdeA;hdeB;hdhA;hemC;hemD","P0ACB2;P29680;P36553;P0A8R9;P0AES9;P0AET2;P0AET8;P06983;P09126",0.285666863861317,-0.090123114017145,0.261510694132315,0.348997201872014,0.0546961750940371,0.00858640917965971,-0.247602457382901,0.10384148291658,-0.0816182402093537
"yejL;yeiR;yejA;yejF;yfcE;yfbU;yfbR;yfaY;yfbT;yfcF;yfcD;yejG;yfcG","P0AD24;P33030;P33913;P33916;P67095;P0A8W8;P76491;P77808;P77625;P77544;P65556;P0AD21;P77526",-0.271272782091037,-0.243506014845034,-0.0553969208168374,-0.303837346991688,-0.158544596272405,-0.215691929585127,-0.38911851109603,-0.2483564226173,-0.375348800438188
"ppsA;pptA;ppiD;pqqL;ppiA;prc;ppsR;ppiC;ppiB;ppk","P23538;P31992;P0ADY1;P31828;P0AFL3;P23865;P0A8A4;P0A9L5;P23869;P0A7B1",-0.010948911454145,0.129982152989423,-0.047201017634185,-0.00196549506741729,0.0320850607605138,-0.104207858409744,0.129737554064301,-0.0155980432597116,0.04010952279978
"yccJ;ycaC;ycbX;ybiX;ybjI;ybjQ;ycbB;yccU;ycdX;ycbJ;ycbL;yceF;ycaR;yceA;yccX","P0AB14;P21367;P75863;P75779;P75809;P0A8C1;P22525;P75874;P75914;P0AB03;P75849;P0A729;P0AAZ7;P24188;P0AB65",0.234127586795033,-0.101674083921902,0.208918740421737,0.305820508566703,0.109017238046038,-0.00666371711553997,0.229023993096673,0.201704716014658,-0.127736066714084
"mtnN;murF;murD;murI;murG;murA;murE;murB;mukE;mukB;murQ;mutH;murC","P0AF12;P11880;P14900;P22634;P17443;P0A749;P22188;P08373;P22524;P22523;P76535;P06722;P17952",-0.120252713213379,-0.208697665186965,-0.143207086151909,-0.192472453181889,-0.0498743178597512,-0.216511792252476,-0.3243407582543,-0.105524372817123,-0.235078853566038
"ydfZ;ydgD;ydgH;ydfG;ydeN;ydeJ;ydgA","P64463;P76176;P76177;P39831;P77318;P31131;P77804",-0.296085133902428,-0.0752060585229943,0.541898493474446,-0.181876672747251,-0.27469385630459,-0.202607420900649,-0.416983248038061,-0.293129397339669,0.0454610527297259
"cysS;cysQ;cytR;cysP;cysM;cysN;dacA;cysK;dacB","P21888;P22255;P0ACN7;P16700;P16703;P23845;P0AEB2;P0ABK5;P24228",-0.0460376896559503,-0.116511606280664,0.149594033082498,0.212687969863034,0.431236701462892,0.218077807896394,0.151743660244645,0.262055225432013,0.0502556703785243
"thrS;tilS;thiM;tig;tktA;thiS;thrB;thrA;thiI;thrC;thyA","P0A8M3;P52097;P76423;P0A850;P27302;O32583;P00547;P00561;P77718;P00934;P0A884",0.0563824340323594,-0.00730426474200159,0.117933045986124,-0.00206366543252443,-0.0430873220474133,0.0870492093546475,-0.176597803670681,0.035807194655719,-0.17330940177956
"atpH;atpG;atpC;atpD;atpA;atpF;avtA;atoC;atl;astE","P0ABA4;P0ABA6;P0A6E6;P0ABB4;P0ABB0;P0ABA0;P09053;Q06065;P0AFP2;P76215",-0.112894833373147,-0.203645686134922,0.0441733739944847,-0.232174797888654,-0.139181520899642,0.0463593362775916,-0.0350210648974192,-0.0415980660764103,-0.213767872316178
"iscU;iscR;ispA;ispE;iscA;infA;infB;ilvN;infC;insC6;insC5;insC4;insC3;insC2;insC1;iscS;insH5;insH11;insH10;insH9;insH8;insH7;insH6;insH4;insH3;insH2;insH1;ilvI;insE5;insE4;insE3;insE2;insE1","P0ACD4;P0AGK8;P22939;P62615;P0AAC8;P69222;P0A705;P0ADF8;P0A707;P0CF45;P0CF44;P0CF43;P0CF42;P0CF41;P0CF40;P0A6B7;P76071;P0CE58;P0CE57;P0CE56;P0CE55;P0CE54;P0CE53;P0CE52;P0CE51;P0CE50;P0CE49;P00893;P0CF70;P0CF69;P0CF68;P0CF67;P0CF66",0.427011865475044,-0.188027502868052,0.0848157013386168,0.0279624850382346,0.051036462468917,0.143648068478403,-0.199748234712349,-0.168285221909522,-0.0577079421541578
"fre;frdB;folM;folP;folX;fpr;frdA","P0AEN1;P0AC47;P0AFS3;P0AC13;P0AC19;P28861;P00363",0.328241799092913,0.0433891557402712,-0.0288296981983073,-0.101167273605283,0.152161436743335,-0.000716861992711367,-0.178096510466498,-0.0478192547778668,0.0754727876456753
"fre;frmB;frmA;frdB;frsA;fruA;folP;folX;frmR;fpr;frdA;frr;fruB","P0AEN1;P51025;P25437;P0AC47;P04335;P20966;P0AC13;P0AC19;P0AAP3;P28861;P00363;P0A805;P69811",0.246836105706,0.0331159384454568,0.0560144642370206,-0.0010408439061379,0.187130239268734,0.121698879305853,-0.0342730216693176,0.0902372839635319,0.0925966404609518
"uspG;ushA;uspC;ulaR;uspF;uspE;usg;upp;uspA;uspD;ung","P39177;P07024;P46888;P0A9W0;P37903;P0AAC0;P08390;P0A8F0;P0AED0;P0AAB8;P12295",0.068091309768233,-0.263764515654068,0.184715607588171,-0.199499222330666,0.0493705132769355,0.101539065877216,-0.102581460485182,-0.083319269616447,-0.117302515282852
"fdhE;feaB;fdhF;fimA;ffh;fic;fetA;fecB","P13024;P80668;P07658;P04128;P0AGD7;P20605;P77279;P15028",0.329450411636522,0.173564419070678,0.3775141227856,0.467692332398311,0.290663826990601,0.557698182764328,0.239412070519427,0.106629772790188,0.101376313979863
"yhcH;yhdP;yheV;yheS;yhfA;yheO;yhdE;yhdW;yhcB;yhcN;yhgF;yheU","P45424;P46474;P0ADW8;P63389;P0ADX1;P64624;P25536;P45766;P0ADW3;P64614;P46837;P67624",0.0533597957189677,-0.178788743782629,-0.143634836784992,-0.0211857375298908,0.0683971729834993,-0.0701777855688099,-0.301559643659982,-0.149887912874537,-0.113446161121152
"flgN;fliY;flk;fliC;flgM;flu","P43533;P0AEM9;P15286;P04949;P0AEM4;P39180",0.186474669399367,-0.0538005921542444,0.137572206564015,-0.0196490406910216,0.199215556985146,-0.138010170650729,-0.311012360469034,0.398693492576785,0.0185593330187084
"rhlE;rfbD;rffA;rfbC;ridA;ribD;ribA;ribC;rhlB;rffG;ribB;rho;ribE","P25888;P37760;P27833;P37745;P0AF93;P25539;P0A7I7;P0AFU8;P0A8J8;P27830;P0A7J0;P0AG30;P61714",-0.0378178437651782,-0.183093271935806,-0.0568804245903872,-0.028360520603881,-0.106258582419998,-0.172545966753129,-0.227321419402168,-0.222122460315734,-0.100971172852956
"glyS;gmk;gnsA;gntR;gnd;gnsB;gpmA;gntK;gmhA;gor;gph","P00961;P60546;P0AC92;P0ACP5;P00350;P77695;P62707;P46859;P63224;P06715;P32662",0.244542947059345,0.103617418419199,0.0737790247457643,0.148813216434934,0.297047357624623,0.13427460303575,-0.10306955430133,-0.100344994351414,0.0317443395477598
"tauD;tatB;tas;tamB;tatE;tatA;talA;talB;talA;tauA;tag;talB;tabA","P37610;P69425;P0A9T4;P39321;P0A843;P69428;P0A867;P0A870;P0A867;Q47537;P05100;P0A870;P0AF96",0.113555196860565,-0.0743356578914175,0.242336299152217,-0.0415953452519374,-0.0476541328164162,0.0282715166970776,-0.0119625428998701,-0.00138511280240057,-0.172319053570202
"hsdM;hrpA;hscB;hpt;hscA;hsdR;hsdS;hrpB","P08957;P43329;P0A6L9;P0A9M2;P0A6Z1;P08956;P05719;P37024",0.148049364025328,-0.119836248206697,-0.0992825924300873,-0.0507993681820028,0.31705992145946,-0.141474027606182,-0.0979667163851814,-0.350397772426836,-0.354703368530677
"nadB;nadC;nadA;mutY;mutS;mutM","P10902;P30011;P11458;P17802;P23909;P05523",0.374328624965479,0.0999546588249568,0.212178578235101,0.251007008061592,0.174651295941292,-0.0593947085134304,0.221816362172458,0.0639176846861099,0.360653183768135
"moeA;moaC;moaB;moaD;moaE;mntR;mobA;mnmG;modE","P12281;P0A738;P0AEZ9;P30748;P30749;P0A9F1;P32173;P0A6U3;P0A9G8",-0.0400124734934261,-0.262318267999546,0.178798681406393,-0.314551896355531,0.161597284934045,0.187880197418135,-0.34778983792747,-0.0395487624256515,0.0535846730693126
"rlmG;rlmM;rlmN;rluD;rlmB;rluA;rlmJ;rlpA;rluE;rlmL;rimI;rluB","P42596;P0ADR6;P36979;P33643;P63177;P0AA37;P37634;P10100;P75966;P75864;P0A944;P37765",0.15714345465277,0.160450054904655,0.0736055595191771,0.254723068623297,0.123306359781004,0.013873681754719,-0.0258259642656679,0.0302149208315338,0.0459413958622679
"fimG;fimA;ffh;fic;fimC;fhuA;fepB;feoA;fetA;fklB;fimC;sfmC;fimF;fkpA","P08190;P04128;P0AGD7;P20605;P31697;P06971;P0AEL6;P0AEL3;P77279;P0A9L3;P31697;P77249;P08189;P45523",-0.176174840992154,-0.0163923897518224,-0.325638634981897,-0.282012016291781,-0.304883063317304,-0.353270369670416,-0.435958980165292,-0.276808367913784,-0.503123663610568
"glk;glmS;glmU;glgX;glgS;glnA;glgC;glmM","P0A6V8;P17169;P0ACC7;P15067;P26649;P0A9C5;P0A6V1;P31120",0.0299601464164402,-0.0928842807647249,-0.325328056530867,-0.211911720453244,-0.0820367375618668,-0.166966293824035,-0.25864860261074,-0.216236726917681,-0.0644533411098538
"ybgL;ybgI;ybgJ;ybgS;ybhG;ybgF;ybgK;ybhB;ybhC;ybhK","P75746;P0AFP6;P0AAV4;P0AAV6;P75777;P45955;P75745;P12994;P46130;P75767",0.22345317158109,0.122738672772751,0.306546172457546,0.327428856119193,0.204447746670179,0.110158771316066,0.200407372485183,0.0505598572161552,0.060975568814194
"ygeR;ygfK;ygeY;ygeA;ygeW;ygdH;ygdG;ygfF","Q46798;Q46811;P65807;P03813;Q46803;P0ADR8;P38506;P52037",-0.0990107928579982,-0.0829702488091978,-0.193933238939611,0.142002113350117,-0.0946767117155653,-0.187325838366429,-0.0994458453614503,-0.0597533274222601,0.108112881299314
"purM;purE;purN;purT;purR;puuB;purA;purC;purD;purK;purB;putA;purF;purU;puuC;purL;purH","P08178;P0AG18;P08179;P33221;P0ACP7;P37906;P0A7D4;P0A7D7;P15640;P09029;P0AB89;P09546;P0AG16;P37051;P23883;P15254;P15639",0.0488333189205694,0.202941844503902,0.0375771928119774,0.0298379218088777,-0.0274897325017231,-0.0193456918331894,-0.310920705423775,-0.0688336038120277,0.165971040095439
"ybiA;ybiB;ybiT;ybiX;ybiS;ybiC;ybiV;ybiS;erfK;ybhK;ybiU","P30176;P30177;P0A9U3;P75779;P0AAX8;P30178;P75792;P0AAX8;P39176;P75767;P75791",0.129699305387979,0.0662002913428128,0.327013742526268,0.656638023166841,0.4509195044455,0.107954921797659,0.171783099517544,0.363743918954463,0.141520503744208
"msrB;mtnN;msrC;msrA;mscM;mtlA;mukB;mtlD;mug","P0A746;P0AF12;P76270;P0A744;P39285;P00550;P22523;P09424;P0A9H1",0.0189985321996335,-0.0466757800957116,-0.37310626633391,-0.0554770252124365,-0.196112483183412,-0.240223151851165,-0.475387370579608,-0.169334384804372,-0.0174964100132332
"agp;acuI;add;adhE;ahpC;acs;agaV;adk;agaR;aegA;adhP;ade","P19926;P26646;P22333;P0A9Q7;P0AE08;P27550;P42904;P69441;P0ACK2;P37127;P39451;P31441",0.252081780565896,0.301682233598778,0.260823560284382,0.269940418542071,0.427857283633565,0.496593987220229,0.0611375290842624,0.415318250048363,0.182618278823434
"minE;minC;mmuM;minD;mlaC;mlaB;mltB","P0A734;P18196;Q47690;P0AEZ3;P0ADV7;P64602;P41052",-0.300566586152442,-0.177662665450305,-0.559940884563734,-0.285488404194921,-0.393924348339662,-0.685402622058386,-0.674459282740166,-0.485451549309294,-0.246959968683162
"alaS;aldB;ahr;allR;aldA;ahpC;alaA;alkA;allE;alaC","P00957;P37685;P27250;P0ACN4;P25553;P0AE08;P0A959;P04395;P75713;P77434",0.0241990228954321,-0.139351127492425,-0.110676720594941,-0.113277725874443,0.199545188816255,-0.16758760753875,-0.443793997158193,-0.387864459071706,-0.191925768334565
"hycB;hycF;hybC;hybO;hybA;hycE;hybD;hybE;hydN","P0AAK1;P16432;P0ACE0;P69741;P0AAJ8;P16431;P37182;P0AAN1;P0AAK4",-0.723013761968585,-0.308951977880767,-0.746134949722197,-0.503612916416699,-0.637657574925756,-0.768128127060099,-0.497670093212156,-0.720982945833171,-0.635713850041213
"ydcF;ydbL;ydcH;ydcI;ydcJ;ydbK;ydaM","P34209;P76076;P0ACW6;P77171;P76097;P52647;P77302",-0.0224469111661177,-0.323215225950214,-0.386113217987898,-0.509996806066083,-0.149820364286321,-0.12134987138945,-0.302806660955645,0.119834358280718,-0.477247143032001
"carA;cca;cbpA;btuR;bolA;btuE;cdd;cadA;can;carB;btuF","P0A6F1;P06961;P36659;P0A9H5;P0ABE2;P06610;P0ABF6;P0A9H3;P61517;P00968;P37028",0.169822487906691,-0.0249864321882051,-0.034643806454495,-0.140409068671306,-0.0363111169436768,-0.103915189129537,-0.42536845228706,-0.159369822194781,-0.0746619401358478
"yigI;yidR;yihL;yihD;yigL;yieE;yieP;yigB;yifE;yieH;yihI;yigZ","P0ADP2;P31455;P0ACM9;P0ADP9;P27848;P0ADM8;P31475;P0ADP0;P0ADN2;P31467;P0A8H6;P27862",0.431356409450992,0.0684393720331013,0.443936417766805,0.129922101146678,0.161750779816389,0.0451169850889927,-0.197844995171563,-0.0322468190414554,0.0158358612287775
"hflC;hemY;hemX;hemL;hflK;hemH;hemN;hemG;hexR","P0ABC3;P0ACB7;P09127;P23893;P0ABC7;P23871;P32131;P0ACB4;P46118",-0.0929103155827443,-0.478530501117339,-0.192823822788755,-0.10058755427079,-0.135651306885951,-0.310492656253301,-0.131308463887964,-0.239198016232427,0.105330782515526
"ftsE;ftsA;ftsK;ftsH;ftnB","P0A9R7;P0ABH0;P46889;P0AAI3;P0A9A2",-0.304149638706605,-0.123887177769226,-0.526878848589735,-0.183819484709943,-0.0927633985557018,-0.675889081564728,-0.372317379724754,-0.238899690980295,-0.123912583167007
"ybgC;ybgI;ybfF;ybgF;ybeL;ybeZ;ybeD;ybdK;ybdH;ybdR;ybdZ;ybdL","P0A8Z3;P0AFP6;P75736;P45955;P0AAT9;P0A9K3;P0A8J4;P77213;P45579;P77316;P18393;P77806",-0.239057966912602,-0.110278658072075,-0.261728478295974,-0.282470525096371,-0.237129835414069,-0.143499739969237,-0.437393441672657,-0.430820188162026,-0.299623009329715
"ybaK;ybaV;ybcJ;ybaA;ybaB;ybaM;ybbN;ybbA","P0AAR3;P0AAR8;P0AAS7;P0AAQ6;P0A8B5;P45807;P77395;P0A9T8",0.409547631331142,0.262938765897206,0.2951321377168,0.150057508302813,0.10901850310879,0.508256641748052,0.224998110286502,0.10304497693646,0.229322791924907
"efp;emtA;entA;elaB;efeO;engB;eno;endA","P0A6N4;P0C960;P15047;P0AEH5;P0AB24;P0A6P7;P0A6P9;P25736",-0.0252648682213151,0.0864113432165859,0.471245786798826,0.303762949973912,0.274800020509925,0.208108411559569,0.180825246276084,-0.0818038514977138,0.0368976597952476
"queE;queD;queC;queF;radA;racR","P64554;P65870;P77756;Q46920;P24554;P76062",0.167017602679291,0.12773292894433,0.47248638479195,0.105241909220049,0.37443670471818,0.154690996478639,0.327238406698199,0.213647398950566,0.258726146711028
"ydcF;ydbL;ydcS;ydcH;ydeI;ydcL;yddE;ydcY;ydcI;ydcJ;ydcP","P34209;P76076;P76108;P0ACW6;P31130;P64451;P37757;P64455;P77171;P76097;P76104",-0.464285049964835,-0.205341672245417,-0.628943430493209,-0.329435976656566,-0.254868869298183,-0.406866747416015,-0.283481827514741,-0.0554452998956314,-0.270084616327983
"leuA;lipA;livF;ligA;lipB;leuB;lepA;leuS;leuD;leuC","P09151;P60716;P22731;P15042;P60720;P30125;P60785;P07813;P30126;P0A6A6",0.0221763906545036,-0.39442584639878,-0.290048392773758,-0.123528943259568,-0.343524406088221,-0.451686770413514,-0.528340150871963,-0.529286405187296,-0.364472349406057
"nrdD;nrdB;nnr;nrdA;nikA;nlpD;nrdR;nirD;nirB;nlpA;nrfA","P28903;P69924;P31806;P00452;P33590;P0ADA3;P0A8D0;P0A9I8;P08201;P04846;P0ABK9",-0.118771660816206,0.0277419721585584,-0.0955712525961315,-0.044988124475396,-0.0461493844577926,-0.184337197129306,-0.346483044372514,-0.199915023856305,0.0155720328866732
"yfeD;yfeX;yfcN;yfcH;yfcL;yfcZ;yfeC;yfdX","P27238;P76536;P0A8B2;P77775;P64540;P0AD33;P0AD37;P76520",0.303050734504346,-0.0346192114587493,0.146952942389148,0.36419876106674,0.281642421133898,-0.127070487648699,0.302348096683666,-0.0411290969911587,-0.0108805605687183
"bioF;bglA;bioD1;bioD2;bioH;bioB;bglX;bioC;bhsA;birA","P12998;Q46829;P13000;P0A6E9;P13001;P12996;P33363;P12999;P0AB40;P06709",0.225834107233692,-0.00166211677635413,0.0239900678424993,0.1075536377705,0.123514141684963,-0.0576720440323731,-0.0564844118811687,0.206444982815064,-0.121343370062783
"pyrG;pykF;puuR;pyrC;pykA;pyrI;pyrH;pyrB;puuE;pyrE;pyrF;qorA","P0A7E5;P0AD61;P0A9U6;P05020;P21599;P0A7F3;P0A7E9;P0A786;P50457;P0A7E3;P08244;P28304",0.0667291209230773,0.0511122331546363,0.0199500783500035,0.0897858512605769,0.0507307963020603,-0.0484944902076569,-0.169882126942427,-0.261608004623898,0.00629964934907713
"kdsB;katG;kdgR;kdsA;kbl;ivy;kch;kdsC;kdgK;katE;ispU;ispG;ispH;jayE","P04951;P13029;P76268;P0A715;P0AB77;P0AD59;P31069;P0ABZ4;P37647;P21179;P60472;P62620;P62623;P75981",-0.0648593696577578,-0.139961534320039,-0.136655726134411,-0.0464317608118639,0.0916836037934113,-0.0976120523949124,-0.101625905897883,-0.128055629926074,-0.165609109028586
"dapB;damX;dapF;dapE;dapA;dcd;dacC;dapD;dadX;dadA;dcp","P04036;P11557;P0A6K1;P0AED7;P0A6L2;P28248;P08506;P0A9D8;P29012;P0A6J5;P24171",0.322067783250203,-0.085962280766864,0.300152218141384,0.0553361033077352,0.124721621281256,0.275643237166175,-0.327282587021349,0.0524293047045521,-0.00288016677170818
"mdoG;mdoB;mdtE;mdh;menH;mazF;manA;matP;map;mdaB;manX;mdoD;manZ;mdtA","P33136;P39401;P37636;P61889;P37355;P0AE70;P00946;P0A8N0;P0AE18;P0AEY5;P69797;P40120;P69805;P76397",0.167244100905042,-0.105505686409403,-0.209340430353132,-0.22965901407769,-0.0964896701491708,0.232146948570402,-0.320561115772923,0.140742217735696,0.0490134280425465
"epmA;entA;entC;entF;entH;eno;eptB;epmB;epd;envC;entE","P0A8N7;P15047;P0AEJ2;P11454;P0A8Y8;P0A6P9;P37661;P39280;P0A9B6;P37690;P10378",-0.0407203628229326,0.192949012421165,-0.108078159529647,-0.0971601393604751,0.0715291872614608,0.103562630210682,0.0244155675297284,-0.0601900496026476,0.0611532333090289
"glsA1;glpQ;glrR;glpK;glpE;glsA2;glpD;glpR;glpX","P77454;P09394;P0AFU4;P0A6F3;P0A6V5;P0A6W0;P13035;P0ACL0;P0A9C9",0.0712427223713876,-0.16606750204712,0.0391752075185296,-0.168250266751969,-0.243797827320544,-0.227266305662542,-0.525006917136173,-0.333173387895438,-0.281597926623935
"tdcG;tdcE;tesB;tehB;tdcD;tdcF;tdk;tgt;tdcB;tdh;tcdA","P42630;P42632;P0AGG2;P25397;P11868;P0AGL2;P23331;P0A847;P0AGF6;P07913;Q46927",-0.219415087783642,-0.28281702633787,-0.137673195231561,-0.361825118797892,-0.161606995090962,-0.288911898710767,-0.560996610332206,-0.320208779823626,-0.220426534423844
"sucB;sucD;ssb;stpA;sspA;sucA;srmB;sthA;sucC;sseA","P0AFG6;P0AGE9;P0AGE0;P0ACG1;P0ACA3;P0AFG3;P21507;P27306;P0A836;P31142",0.259664891856134,0.0335652601193286,0.146455115315539,0.115696177608282,0.147375039342,0.322651635470099,-0.194028189169404,-0.0311209210428105,0.138934129857711
"rna;rne;rng;rnc;rnd;rnb;rnhA","P21338;P21513;P0A9J0;P0A7Y0;P09155;P30850;P0A7Y4",-0.180696314081137,-0.155942849265665,-0.196684053651238,-0.0876376485411561,0.0709671199964636,-0.191928909097885,-0.0108453390247207,-0.215476088139278,-0.0360258086933017
"tusA;typA;tusE;tynA;tyrA","P0A890;P32132;P0AB18;P46883;P07023",-0.463795871282533,-0.181062908173097,-0.345937724324296,-0.43280885075564,-0.570814711400401,-0.400998210252533,-0.930658994603663,-0.567634779286259,-0.435365615324848
"amn;ansA;ampH;amiC","P0AE12;P0A962;P0AD70;P63883",0.0144778232106027,-0.0107914829315197,-0.134658419720731,-0.165817531847235,0.0661551625001247,0.131466734728058,0.0505395740213492,0.10119188973443,0.0409080884637238
"ftsZ;ftsX;ftsY;ftsN;ftsP;fucO;fucI","P0A9A6;P0AC30;P10121;P29131;P26648;P0A9S1;P69922",0.423411945630767,-0.217837191582623,-0.204670238971612,-0.168669753385968,0.163637537806242,0.0578437380389139,0.00230456837279663,-0.119141470983705,-0.177645955672696
"typA;tyrS;ubiC;ubiE;ucpA;tyrB;udp;ubiD;udk;ubiG;tyrR;tyrA","P32132;P0AGJ9;P26602;P0A887;P37440;P04693;P12758;P0AAB4;P0A8F4;P17993;P07604;P07023",-0.191847123417063,-0.39659775037095,-0.280441931270631,-0.102270956243557,-0.314980723634063,-0.507993426621633,-0.374675609151397,-0.437709232471603,-0.235203332373115
"eda;edd;dxs;efeB;efeO;ebgR;eco;dxr","P0A955;P0ADF6;P77488;P31545;P0AB24;P06846;P23827;P45568",-0.0214113457347825,-0.123072751156564,0.0449039407271489,-0.0623032927833468,-0.129602952513256,-0.193847235682024,-0.29515707843614,0.246947478065252,-0.168133176186341
"pliG;pka;pmbA;pncA;pmrD","P76002;P76594;P0AFK0;P21369;P37590",0.340856901206016,0.164666022427094,-0.194412172856901,-0.286981505464084,0.0653051288404499,-0.0574509658890369,-0.349603570667503,-0.46997383161732,-0.135021160375428
"ykgE;ymdB;yjjV;ykgG;yjjX;yjjI;ykgF","P77252;P0A8D6;P39408;P77433;P39411;P37342;P77536",0.741351663934691,0.411592351124641,0.288091062910433,0.788544068965348,0.449578097685652,0.563394560120188,0.209992165666294,0.328408215533828,0.215830728597918
"dsbC;dsbG;dsbA;dppF;dppA;dnaX;dppD;dnaT;dsdA;dps;dpiA","P0AEG6;P77202;P0AEG4;P37313;P23847;P06710;P0AAG0;P0A8J2;P00926;P0ABT2;P0AEF4",-0.241530538219784,-0.402131274002185,-0.219934312201184,-0.187429570175818,-0.24816094004855,-0.313593641491368,-0.302961348929457,-0.167378133347969,-0.304239216510229
"gudD;guaD;gutQ;guaC;guaA;gstB;guaB","P0AES2;P76641;P17115;P60560;P04079;P0ACA7;P0ADG7",0.304124981526201,0.238006890229363,0.486427933696679,0.145761727650942,0.20407120996918,0.332196306966282,-0.0366451268987536,0.146931175573542,0.145173910408601
"mgsA;mfd;mglB;mhpD;metQ;metL;mglA","P0A731;P30958;P0AEE5;P77608;P28635;P00562;P0AAG8",0.197081132256122,-0.166832981085441,-0.136302114961839,0.771574126727659,0.112802569394294,-0.154729105753475,0.151362399398761,0.304066851772349,0.230736313564417
"yecH;yebY;yecF;yecJ;yecM;yedF;yedD;yecD;yebV","P46887;P64506;P0AD07;P0AD10;P52007;P0AA31;P31063;P0ADI7;P64503",-0.777436934058401,-0.399840939840035,-0.239121713382487,-0.394898000818087,-0.733031802806291,-0.0529019037667342,-0.423987447237951,-0.379637937994499,-0.42713828378035
"nuoE;nuoG;nuoB;nuoC;nuoF","P0AFD1;P33602;P0AFC7;P33599;P31979",0.128155377255155,0.0863876841418198,0.0983222628619073,-0.0766640766796783,0.0296941910899433,0.38405498160917,0.0672590416112705,0.281407208114825,0.235778934266707
"tsf;ttcA;tsaD;trxC;tsaC;tus;tsaA;tsaB;tsaE;tufA;tufB","P0A6P1;P76055;P05852;P0AGG4;P45748;P16525;P28634;P76256;P0AF67;P0CE47;P0CE48",0.138614404821036,-0.026200073397596,-0.00956005732465287,0.0613944993437038,0.132117766471991,0.0712717853298614,-0.101573990480594,0.164710834739113,-0.0410744542146329
"yqiC;yqhD;yqgE;yqjD;yqeF;yqfB;yqgF;yqjC;yqjG","Q46868;Q46856;P0A8W5;P64581;Q46939;P67603;P0A8I1;P42616;P42620",0.426970567594132,0.0950150514931487,0.402115007771228,0.179683491303527,0.19609154703155,0.184981225733376,0.221337283815025,-0.0520672201092484,0.0990437510149903
"ucpA;ugpB;udp;uidA;ulaD;udk;ugpQ;ulaB;uidR","P37440;P0AG80;P12758;P05804;P39304;P0A8F4;P10908;P69822;P0ACT6",-0.105993704650653,-0.249511209713428,-0.128690996258628,0.144206243555851,-0.0926282822425771,-0.215638021912549,-0.0375940511761988,0.326234025558484,-0.327748786144005
"yeeN;yeeX;yeeZ;yedF;yedP;yedY;yeeT","P0A8A2;P0A8M6;P0AD12;P0AA31;P76329;P76342;P64521",-0.0279457375710313,0.0942778683770766,-0.381377330632175,-0.566270702363994,-0.267124229554013,-0.0866440491600968,-0.360545829700847,-0.555834797728687,-0.056850400490277
"cobT;cohE;cmk;coaBC;codA;cobB;coaA;coaD;cnu;cmoB;coaE","P36562;P75974;P0A6I0;P0ABQ0;P25524;P75960;P0A6I3;P0A6I6;P64467;P76291;P0A6I9",0.262362121960684,-0.170731059867402,0.279218348127312,0.121971254919761,0.116283501622405,-0.132434367979475,-0.00338485783878826,0.0706543500066916,-0.0761288080770718
"serA;serB;selA;seqA;secG;selB;selD","P0A9T0;P0AGB0;P0A821;P0AFY8;P0AG99;P14081;P16456",-0.0132307909871511,-0.258693245674271,0.217938360546871,0.0974611814546392,0.146138554102789,0.163639701952784,-0.0686721424170924,0.0160557063893836,0.0730086265351072
"cysG;cysD;cysB;cysI;cysE;cysM;cysN;cysH;cysK","P0AEA8;P21156;P0A9F3;P17846;P0A9D4;P16703;P23845;P17854;P0ABK5",-0.11145322925498,0.109552281215105,0.2933155084004,0.295341940236147,0.489242566363507,0.10964749487725,0.126582514380968,0.0244537598724276,-0.0236204998038553
"yegW;yegS;yefM;yegP;yeeN;yegQ;yeeX;yeeZ;yedP;yedY;yeeT","P0ACM5;P76407;P69346;P76402;P0A8A2;P76403;P0A8M6;P0AD12;P76329;P76342;P64521",-0.189118924591075,-0.0864102129054097,-0.348282380280667,-0.414068379809712,-0.232439428755512,-0.210991183684269,-0.303288116322738,-0.54702476206703,-0.219325657072391
"ycfP;ycgB;yceI;yceH;ycfH;yceM","P0A8E1;P29013;P0A8X2;P29217;P0AFQ7;P75931",0.0515119053777397,-0.0210791404863609,0.00684829506706159,0.0230867795730646,0.219447300120151,0.0773419419285837,0.0222815354419474,-0.0480033187023023,-0.0798713467060413
"nsrR;nudF;nth;nudJ;nudK;nudE;nudG;nudI","P0AF63;Q93K97;P0AB83;P0AEI6;P37128;P45799;P77788;P52006",-0.169692904786097,-0.413336925437129,0.252138599798893,-0.224699647839497,0.250679286527539,-0.108710952492295,0.0989381973473043,-0.186731982125045,-0.296989459491879
"artJ;aspC;arsC;ascG;asnA;asnS;artP;aspA;artI;asnB;ascB;asd;asnC","P30860;P00509;P0AB96;P24242;P00963;P0A8M0;P0AAF6;P0AC38;P30859;P22106;P24240;P0A9Q9;P0ACI6",0.222147676402395,0.0799852849412607,0.0113796029463536,0.237556908084594,0.10542146012698,0.0297457927829706,-0.134404225955016,0.00398484224758699,-0.0116839416523022
"glnE;glnG;glnK;glnB;glnQ;glnH;glnD","P30870;P0AFB8;P0AC55;P0A9Z1;P10346;P0AEQ3;P27249",0.348034131728455,0.299460828820289,0.346451640031511,0.221495245561778,0.133693641324581,0.275891967191849,0.261866294978075,0.449364666945082,0.0446655848210432
"der;deoR;dgt;dgoR;dgoA;dgoD;deoD;dgoK","P0A6P5;P0ACK5;P15723;P31460;Q6BF16;Q6BF17;P0ABP8;P31459",-0.0701711095483048,-0.240946237423103,-0.193494202597983,0.141959673536009,-0.0850664625531868,-0.251823014481454,-0.206491657067682,-0.343168166987224,0.011335375398181
"pncC;pncB;polA;pntB;pnp;pntA;potD","P0A6G3;P18133;P00582;P0AB67;P05055;P07001;P0AFK9",0.090233469950729,0.289239775505266,0.0548822495638596,-0.111888109751001,0.029378360560884,0.217466926815241,0.0984826726952683,0.310896719992595,0.500806757960458
"ghrB;glcB;glcG;ghrA;glf;glgA;glgB;ggt","P37666;P37330;P0AEQ1;P75913;P37747;P0A6U8;P07762;P18956",-0.160282681969837,-0.120351560557232,-0.128698403491586,-0.0106926120962807,-0.100136938151894,-0.0125115260564269,-0.233427078681505,-0.139504792952699,-0.257344878903939
"rssB;rsmH;rsmF;rsmI;rsmJ;rspR;rspA;rsmG","P0AEV1;P60390;P76273;P67087;P68567;P0ACM2;P38104;P0A6U5",-0.22826711969101,0.148319513492847,-0.189599568137776,-0.30778800116341,-0.0509790710205521,0.134552120406363,-0.378297310094939,-0.192978400995768,-0.106122522306254
"rlmG;rimK;rlmA;rimO;rlmB;rimJ;rlmD;rimI;ribF;rihA","P42596;P0C0U4;P36999;P0AEI4;P63177;P0A948;P55135;P0A944;P0AG40;P41409",-0.0439531802827602,-0.124444561356579,-0.173879613080898,0.0474341191887454,-0.201452811408379,-0.201881649380646,-0.215843751426546,-0.302839658228957,-0.219997780532881
"lon;lpdA;lipA;livK;lolA;livG;loiP;lplA;livF;lipB;lolD;livJ","P0A9M0;P0A9P0;P60716;P04816;P61316;P0A9S7;P25894;P32099;P22731;P60720;P75957;P0AD96",0.415780870501104,-0.287804849043405,-0.0167847344798374,0.349488543087754,0.279683036177548,-0.00425580270510556,-0.0692729203057342,0.217686325902248,0.0836174599694137
"osmY;osmC;osmF;otsB;otsA;osmE","P0AFH8;P0C0L2;P33362;P31678;P31677;P0ADB1",0.47461457123257,0.153772737229191,0.446903619986517,0.238422129271798,0.65639522633703,0.511551246591471,0.311405017238282,0.281573654892869,0.101611600816621
"rsxC;rutR;rsxG;rsuA","P77611;P0ACU2;P77285;P0AA43",-0.103729267601842,-0.0621557133229405,0.148258689045304,0.145167372075044,-0.202604713691267,-0.0154266069621517,0.0252041892942378,0.357762366365762,-0.141325119548921
"uxaC;uxuB;uxuA;uvrY;uxaB","P0A8G3;P39160;P24215;P0AED5;P0A6L7",0.0961813675927653,-0.0349998816293287,-0.191848733979605,0.298207015871856,0.0621126912376605,-0.0893539274657014,0.30011888439208,0.149785290728497,0.0247324187564858
"yaeR;yafJ;yafV;yagE;yagF;yafK","P52096;Q47147;Q47679;P75682;P77596;P0AA99",-0.293046986053455,0.00435221238590956,-0.197227228226247,0.0861000561882875,-0.0224233611390023,0.0884200961447771,0.000721347983289357,0.194564925825753,0.0131694781184292
"gatZ;kbaZ;gcvT;gatB;gdhA;gcvH;gatR;gcvA;gatY;gcvP;gatD;gcvR;gatZ","P0C8J8;P0C8K0;P27248;P37188;P00370;P0A6T9;P36930;P0A9F6;P0C8J6;P33195;P0A9S3;P0A9I3;P0C8J8",0.0559644162484422,-0.031853345787935,0.101136153094312,-0.0700817950960147,-0.0377871150243057,-0.081496672410143,-0.315535729043816,-0.0745487030693964,-0.0117205812674891
"dmsB;ynfG;dmsD;dmsA;dmsA;ynfF;dmsB","P18776;P0AAJ1;P69853;P18775;P18775;P77783;P18776",-0.101354923761083,-0.164680504586347,-0.188230362954294,0.0168631050759728,0.0519619068167673,0.0791430387976056,0.110866533565758,0.0247067047530138,-0.221224795398635
"dmsB;ynfG;dmsD;dksA;djlA;dkgA;dkgB;dld;dmsA;dmsA;ynfF;dmsB","P18776;P0AAJ1;P69853;P0ABS1;P31680;Q46857;P30863;P06149;P18775;P18775;P77783;P18776",-0.0230959621098091,-0.172786876928855,0.112287234537289,0.067527910805376,-0.0317501932246539,0.410436046369994,0.217121796369432,0.151701058084917,-0.220433176296552
"holC;hrpA;hpf;holE;holD","P28905;P43329;P0AFX0;P0ABS8;P28632",-0.0996421498911499,-0.0840865155849329,-0.325113644928208,0.0828081502728178,0.0463018439492972,-0.00744266738366499,-0.0365130629174152,-0.0670024405828741,-0.136742402966441
"yggN;yghA;yggE;yhbO;yggX;ygiL;ygiS;ygiB;yghU;ygiN;yghX;yhaK;yggS;yggU","P0ADS9;P0AG84;P0ADS6;P45470;P0A8P3;P39834;Q46863;P0ADT2;Q46845;P0ADU2;Q7DFU6;P42624;P67080;P52060",-0.0768139502560984,-0.0426964540381566,-0.193863196723134,-0.00347816716171194,-0.0619230935424945,-0.050584945711956,-0.183443752026769,-0.245034121333822,-0.244684344828874
"yhbO;yhbV;yhcB;yhbY;yhbP;yhbW;yhaK;yhaV","P45470;P45475;P0ADW3;P0AGK4;P67762;P0ADV5;P42624;P64594",0.510294594996568,-0.0376487707170452,0.657138781995416,1.01485128584623,0.5570789829866,0.473271029600243,0.442637442177939,0.449224200153024,0.384017143738903
"suhB;sufS;surA;surE;sufE;surA;ppiC","P0ADG4;P77444;P0ABZ6;P0A840;P76194;P0ABZ6;P0A9L5",0.067099526131352,0.0118042412819056,0.0557703246855794,-0.438123438322604,-0.12698926208823,0.0125841815065483,-0.362208315934812,-0.23320556712256,-0.314391458226596
"sad;sapA;ruvB;sdaB;sbcD;sbcB;sbp","P76149;Q47622;P0A812;P30744;P0AG76;P04995;P0AG78",-0.332444756423326,-0.385134863266915,-0.320994270309894,-0.496690535340759,-0.0146835192242179,-0.0901003623551087,-0.459781036898428,-0.459527059529908,-0.186404422807791
"rsfS;rsmB;rsmD;rsmE;rsmC;rsmA;rsmH","P0AAT6;P36929;P0ADX9;P0AGL7;P39406;P06992;P60390",0.151681073318241,0.236526554688205,0.373927622923828,0.345140320389413,0.25789663482722,0.283180584317556,0.0904291972179037,0.076422018002312,0.190562730049853
"rpoE;rpoS;rraB;rseA;rseB;rpoH","P0AGB6;P13445;P0AF90;P0AFX7;P0AFX9;P0AGB3",0.174559434790065,0.06597764065761,-0.506298368927043,-0.0979115862815783,-0.0458600286295524,-0.345030035197469,-0.107292204270731,-0.118184464917959,0.165582130218844
"nanR;narH;napA;narG;napB;narG;narZ;narJ;nanM","P0A8W0;P11349;P33937;P09152;P0ABL3;P09152;P19319;P0AF26;P39371",-0.0881997901729618,0.0478558033851952,0.0992990354617804,0.255543381369366,0.255771073132579,0.0225187479479359,-0.117537031202217,0.154978277542052,-0.0163297339709441
"yciX;yciT;ydbC;ycjW;ycjG;ycjX;yciZ","P58094;P76034;P25906;P77615;P51981;P76046;A5A614",-0.180043586424086,-0.093068395935553,-0.276004355400775,0.192527664345806,-0.293802391825237,-0.273034158935551,0.274802283802106,-0.0243909754468104,-0.106451688688048
"yahK;yagH;yagI;yafN","P75691;P77713;P77300;Q47156",-0.0505774922831593,-0.795484280403345,-0.477689152929506,-0.267509065554352,-0.373100167973785,-0.721815352488977,-0.257631471426162,-0.888407272205417,-0.455025459139584
"rob;rnk;rnr;rpe;rodZ;rof;rnt;rnpA","P0ACI0;P0AFW4;P21499;P0AG07;P27434;P0AFW8;P30014;P0A7Y8",-0.304299821186899,-0.409345700103048,-0.314694887205768,-0.0670947403381042,-0.121417607981083,-0.146399942905729,-0.363527080862865,-0.462144011747728,0.0256071079660252
"cheY;chbB;chaB;cfa;cedA;chpS;cirA;chiA;chpB","P0AE67;P69795;P0AE63;P0A9H7;P0AE60;P08365;P17315;P13656;P33647",-0.327840033560671,-0.483525074087645,-0.286894615857426,-0.208272086086146,-0.172724659150487,-0.448926427781503,-0.454669259382864,0.0601055959704356,-0.420687600893334
"proB;proC;prkB;prlF;prlC;proQ;proA;proS","P0A7B5;P0A9L8;P0AEX5;P15373;P27298;P45577;P07004;P16659",-0.0786961506232168,-0.196134487772916,-0.176803993410977,-0.322067936803347,-0.18838983705047,-0.217586097740741,-0.576914998623745,-0.483772079487178,-0.198760498259014
"minE;minC;mmuM;miaB;minD;mlaC;mlaB;miaA;mhpE;mhpF;mltB","P0A734;P18196;Q47690;P0AEI1;P0AEZ3;P0ADV7;P64602;P16384;P51020;P77580;P41052",-0.188369918783554,-0.162652537615967,-0.318132358657428,-0.220290804411928,-0.175002321870801,-0.333368250500377,-0.40582549097352,-0.199571232207537,-0.207462247499171
"yegW;yehD;yegU;yehS;yeiE;yeiG;yehT","P0ACM5;P33343;P76418;P33355;P0ACR4;P33018;P0AFT5",0.311835234092135,0.301124028831524,0.549618396270082,0.587709818963459,0.348026266910965,0.473696245591668,0.231407248032865,0.571697012158806,0.45436112519937
"trxA;trpE;trpS;truB;truC;truD;trxB;trpA;trpB;trpR;truA;trpGD;trpC","P0AA25;P00895;P00954;P60340;P0AA41;Q57261;P0A9P4;P0A877;P0A879;P0A881;P07649;P00904;P00909",0.104609843411539,-0.114005999935922,-0.00722761214161327,0.33497367858002,0.286188453798055,-0.0402953527498173,-0.264603590092553,-0.0638793635280828,-0.23426244090364
"ldcA;lepA;lasT;ldhA;lacI;kgtP","P76008;P60785;P37005;P52643;P03023;P0AEX3",0.795106033330295,-0.114564388883578,0.482436513906897,-0.261264781458802,-0.0873080861784691,-0.107121968287818,0.266641405237424,0.332497505027852,-0.162459090626333
"cobT;cohE;cmk;coaBC;cpdA;codA;cobB;coaA;coaD;cnu;copA;cmoB","P36562;P75974;P0A6I0;P0ABQ0;P0AEW4;P25524;P75960;P0A6I3;P0A6I6;P64467;Q59385;P76291",0.248558240481344,-0.169743477918922,0.271877268389421,0.0907535053407871,0.0902638858342342,-0.145433324111215,0.0713348936378991,0.0526347538507996,-0.0756148335045224
"cohE;cpdA;cpdB;cpxP;cpxA;copA;cptB;corC","P75974;P0AEW4;P08331;P0AE85;P0AE82;Q59385;P64559;P0AE78",0.103806413577782,-0.184455123656456,-0.111263843541316,-0.059499846528598,0.0115991814016036,-0.0095073802823003,-0.201767280548863,-0.0836565276878826,-0.0125503344883006
"proV;prpB;proS;prpC;prpD;proX","P14175;P77541;P16659;P31660;P77243;P0AFM2",-0.231895873377503,-0.292017123829161,-0.426526259697947,-0.019455981806547,-0.308904079691924,-0.392244633931737,-0.428521047848082,-0.317700581137356,-0.373752255670078
"rbn;ravA;rbfA;rbsA;ratB;rbsB","P0A8V0;P31473;P0A7G2;P04983;P52119;P02925",0.125440922507554,-0.37783235402462,0.0387079253298229,0.129521500847113,-0.20236000759152,0.0562680639712706,0.208172999317583,0.0509372098806115,-0.0975419862192166
"yihT;yihL;yihD;yigL;yihX;yihW;yihI;yiiD;yigZ;yiiM","P32141;P0ACM9;P0ADP9;P27848;P0A8Y3;P32144;P0A8H6;P0ADQ2;P27862;P32157",0.711873878080877,0.578681750957388,0.56375128353106,0.414864849560054,0.291026396969288,0.359887726546907,0.109583624866455,0.151421807784731,0.413937443683634
"dicA;dgt;dgoR;diaA;dinD;dhaL;dhaK;dgoK","P06966;P15723;P31460;P66817;P23840;P76014;P76015;P31459",0.112379004629043,0.229705317096019,0.249640767026931,0.0537168329586545,0.343757794798602,0.302689417299547,0.165421523756919,-0.281025155503158,0.26888065292352
"gltX;glxK;glyS;glyQ;glxR;glyA","P04805;P77364;P00961;P00960;P77161;P0A825",-0.0752633018892052,-0.235966336067067,0.076829559627296,-0.267536193986395,-0.0767563904572688,0.149358988175745,-0.0502475264711373,-0.105511238965772,-0.173865849557239
"rcsB;rdgC;recA;rdgB;recJ;rcnB;rcnR;rclA;rcsF","P0DMC7;P36767;P0A7G6;P52061;P21893;P64534;P64530;P77212;P69411",-0.397362128422414,-0.236233354316725,-0.794733789080185,-0.313569679431602,-0.418725280706632,-0.583238863659832,-0.51496756107457,-0.574944990329041,-0.416211560022423
"nadB;nadC;nadA;murI;murG;mutY;mutS;murQ;mutH;mutL;mutM","P10902;P30011;P11458;P22634;P17443;P17802;P23909;P76535;P06722;P23367;P05523",0.0977385461266178,-0.0106175688335883,-0.0468694963060274,-0.198334278340515,-0.0259824328088594,-0.141310123371604,-0.0657441857749398,-0.0521259660302155,-0.0393194330364078
"ppiA;potF;ppa;poxB;ppc","P0AFL3;P31133;P0A7A9;P07003;P00864",-0.176187521974081,-0.312139081375719,-0.345607587822595,-0.628663446530224,-0.444474434887489,-0.395813740923323,-0.64349164997686,-0.535693804091994,-0.631441231097001
"cysG;cysD;cysB;cysE;cusF;cysH;cyoA;cysA;cutC;cusR","P0AEA8;P21156;P0A9F3;P0A9D4;P77214;P17854;P0ABJ1;P16676;P67826;P0ACZ8",-0.0279978059836739,-0.0200354105414407,0.0725956620723307,0.0530978160734837,-0.0720343130640907,0.00283991305633239,-0.194140985899998,-0.0409591435082511,-0.058860214204825
"tpx;treB;trmB;treR;trkA;trmD;treA;trmA;treC","P0A862;P36672;P0A8I5;P36673;P0AGI8;P0A873;P13482;P23003;P28904",-0.114370091388014,-0.123322487925961,-0.234698794237829,-0.201173969287222,0.00845804740486297,-0.0865357709375277,-0.161910770903137,-0.188585186123937,-0.0816840757025746
"metB;metF;metG;metE;menD;menE;metK;metJ;metC;metH;menC;menI;mepA;metN","P00935;P0AEZ1;P00959;P25665;P17109;P37353;P0A817;P0A8U6;P06721;P13009;P29208;P77781;P0C0T5;P30750",0.0984834776565865,-0.311149257896254,-0.0578294270229015,0.0232930682297693,0.0634113917563611,-0.0401414414896679,-0.177627033574438,-0.03593548872204,-0.122248172683396
"ygjR;yhaJ;ygiW;ygiQ;ygjH","P42599;P67660;P0ADU5;Q46861;P42589",0.453477614443954,-0.0221357642177609,-0.230515910511908,0.405783745032495,-0.0123826720354437,-0.322920477081441,-0.0960851876675593,-0.325776827400921,-0.22441443904668
"yggN;ygeR;ygfK;yggE;ygfZ;ygeY;ygeA;ygeW;ygdH;ygfF","P0ADS9;Q46798;Q46811;P0ADS6;P0ADE8;P65807;P03813;Q46803;P0ADR8;P52037",-0.110560418165651,0.207984411389338,-0.15354707018556,0.13801911063065,0.0743097519362106,-0.0438191280569334,0.041520046532809,0.129403241172251,0.299627128998619
"hha;hflX;hflC;hemY;hemX;hemL;hflK;hemN;hfq;hexR","P0ACE3;P25519;P0ABC3;P0ACB7;P09127;P23893;P0ABC7;P32131;P0A6X3;P46118",-0.0188522024797895,-0.401096062589344,-0.0287559659879685,0.0729993334895499,0.141401631988077,-0.177954798279545,-0.165740538205193,-0.241835382390017,0.294409591345394
"mnmA;mmuM;mlaC;mntR;mnaT;mnmG;mnmC;mngR","P25745;Q47690;P0ADV7;P0A9F1;P76112;P0A6U3;P77182;P13669",0.307308605985799,0.0488650944044473,-0.035746371015041,-0.0555147253895264,0.136169776105424,0.219215812032589,0.209737310266663,0.0997416382404147,0.190395776939243
"uxaC;uxuB;uxuA;valS;uvrY;uxaB;uxuR","P0A8G3;P39160;P24215;P07118;P0AED5;P0A6L7;P39161",0.162288129504185,-0.0300974775185115,-0.0974557981669004,0.207759933796005,0.110843445882651,-0.11251833465558,0.0470367711052858,0.0656929893720709,-0.0797768452630975
"sodA;sodC;sodB;slyB","P00448;P0AGD1;P0AGD3;P0A905",-0.300051490799175,-0.308639692710753,-0.706177056335902,-0.0449780179237103,-0.288848977235315,-0.0807697973243487,-0.996272238087284,-0.250148896180824,-0.133044680810268
"alaS;aldB;agp;ahr;aldA;ahpF;ahpC;alaA;agaV;agaR;alaC","P00957;P37685;P19926;P27250;P25553;P35340;P0AE08;P0A959;P42904;P0ACK2;P77434",0.0904734010189563,-0.15076318111015,-0.036748134307914,0.0450703837441383,0.140469326726509,0.0044804971297792,-0.27458673958255,-0.286321774462111,-0.0927502825520006
"yajD;yajQ;ybaA;yajO;yajL;yajG","P0AAQ2;P0A8E7;P0AAQ6;P77735;Q46948;P0ADA5",0.204050452470748,0.174452331956044,0.315810745635972,0.0773641793881837,0.210700658856124,0.126229592931407,0.102324431945369,-0.0813138693824557,0.125491840334024
"flgN;fliY;flk;fliC;flgM;fldA;flu;fkpB;fkpA","P43533;P0AEM9;P15286;P04949;P0AEM4;P61949;P39180;P0AEM0;P45523",-0.00984572558879562,-0.100545683291935,-0.0302860663609417,-0.0741062244206938,0.20531191285765,-0.135573339243292,-0.377668673970793,0.192772538911502,0.077818108146162
"yahK;yajD;yaiL;yaiA;yahJ;yaiI;yajL;yajG;yahO","P75691;P0AAQ2;P51024;P0AAN5;P77554;P0A8D3;Q46948;P0ADA5;P75694",0.533600874674188,-0.0265675564830998,0.18926133683773,0.391783865883774,0.255166867814007,-0.15793969204948,0.263824279767689,0.207348348798288,0.123343930788736
"mpaA;moeA;moaC;moaD;moaE;modF;modA;mobA;modE","P0ACV6;P12281;P0A738;P30748;P30749;P31060;P37329;P32173;P0A9G8",-0.0838451076213338,-0.157230508545612,0.186073937004852,0.0224723824775875,0.0777184469972035,0.0263853777552987,-0.254642254317816,-0.0767618625153582,-0.257350487981729
"wecD;wbbI;wecC;wrbA;wzzB","P27832;P37749;P27829;P0A8G6;P76372",0.374947577687339,-0.118778760145565,-0.168758379100981,-0.0124645324118926,-0.356490604312511,-0.735245434458482,-0.0944544280560048,-0.382684153223704,-0.205276836836737
"fruK;fsaA;ftnA;fruB;ftnB","P0AEW9;P78055;P0A998;P69811;P0A9A2",-0.269199117564502,-0.155355728839237,0.0714940533036143,-0.0525434292498812,-0.353190602367799,0.14162009310906,-0.540300241794924,-0.188581989068579,-0.349404760130694
"yrdA;yraP;yrdD;ytfJ;ytfB;ytfE;ysgA;ytfP","P0A9W9;P64596;P45771;P39187;P39310;P69506;P56262;P0AE48",-0.0538844745014661,-0.208506777111926,-0.289187539863563,0.00789078065020779,-0.00831619652300499,-0.181006063768714,-0.112679893158277,-0.285247558784693,-0.0578798396894153
"xylR;xylG;yaaA;yacC;xthA;xylB;xylF;xseB;xylA;xdhA;xdhC","P0ACI3;P37388;P0A8I3;P0AA95;P09030;P09099;P37387;P0A8G9;P00944;Q46799;Q46801",0.233827078106724,0.0393370120396882,-0.069525864619086,0.117883021701872,-0.00277927908937435,0.0913981546771439,-0.13624821925783,0.0436470583593613,0.362350911463424
"gutQ;gyrB;hdfR;hdeA;hcp;gyrA;hdeB;hchA","P17115;P0AES6;P0A8R9;P0AES9;P75825;P0AES4;P0AET2;P31658",-0.128885983944526,-0.145768198414446,0.365414528077028,0.110983296722876,-0.0710837704067906,-0.0885261716585913,0.0230283710808063,0.165374493855588,-0.0512405241295028
"parC;patA;pckA;panM;pdhR;pdxA;parE;panD;panC;pcm;panE;pbpG","P0AFI2;P42588;P22259;P37613;P0ACL9;P19624;P20083;P0A790;P31663;P0A7A5;P0A9J4;P0AFI5",-0.130797619489048,-0.125439139883932,-0.205438245392367,0.0609381566233879,0.0411082365374247,-0.0735521524061623,-0.111726646613501,-0.174995558232627,-0.136729459506807
"rpiR;rph;rpe;rpiA;rpiB","P0ACS7;P0CG19;P0AG07;P0A7Z0;P37351",-0.0795197885324894,-0.267084962799814,-0.270126453459741,-0.260548285246143,0.230071446758821,-0.0857781931092096,-0.520720579037623,-0.601882732096265,-0.137613130097908
"ydjA;ydjF;ydiU;ydiE;ydhS","P0ACY1;P77721;P77649;P0ACX9;P77148",-0.0271384937410413,-0.50556783636019,0.355376044676843,0.747349447198774,0.445933200233166,0.794459581777397,0.127094034770063,-0.12290077250394,-0.154555671293171
"acuI;add;adhE;acrR;acs;acpP;acpS;adk;acrA;adhP;ade","P26646;P22333;P0A9Q7;P0ACS9;P27550;P0A6A8;P24224;P69441;P0AE06;P39451;P31441",0.014980061200508,0.281482385170124,0.213688697258604,0.125629958621226,0.24008502112614,0.358291249472072,0.0829754662523121,0.451943190835007,0.134203452896518
"yibF;yiaO;yibQ;yhjJ;yiaD;yhiI;yibT;yibL","P0ACA1;P37676;P37691;P37648;P37665;P37626;Q2M7R5;P0ADK8",0.35192920198543,0.494014263669793,0.0773242085016466,0.195982447093181,0.0160484103744558,0.17642520401435,0.0445039999161644,0.101676724185165,0.423274936265114
"sucD;suhB;sufS;surA;sufC;sufD;sufA;sufE","P0AGE9;P0ADG4;P77444;P0ABZ6;P77499;P77689;P77667;P76194",-0.0764089477743641,0.0784949912700714,-0.534012636210082,-0.589145246015384,-0.206594738040825,-0.0317111653162392,-0.355832815819561,-0.186946582614084,-0.178643915478649
"mprA;mqo;mppA","P0ACR9;P33940;P77348",0.355671884341214,-0.0586617225306404,0.349628220031124,-0.148365530444754,-0.808228243341641,-0.0461093318984559,-0.0862782514676394,0.15855315868888,0.536818059109092
"rbn;rbsA;rcnB;rbsK;rclA;rbsB;rbsD","P0A8V0;P04983;P64534;P0A9J6;P77212;P02925;P04982",-0.252303660295728,-0.389389474159141,-0.385705174173314,-0.126120139152442,-0.149039990458979,-0.235238893796062,0.0668240233823753,-0.244653137453112,-0.254518632496647
"yoaC;ynjE;yoaB;ynjB","P64490;P78067;P0AEB7;P76223",0.0677979251566171,-0.205243492570221,-0.141847166854884,-0.075116166799523,-0.196062395091671,-0.116792514588546,-0.474737705544232,-0.406870722678254,-0.439560941381615
"yidA;yidC;yibT;yidB","P0A8Y5;P25714;Q2M7R5;P09996",-0.299722657425433,-0.028940420679241,-0.482898382869776,-0.188778144795888,-0.540238755866376,-0.182199781798837,-0.545746652854337,-0.223658084358739,-0.301593842930407
"paaJ;paaF;pabA;paaY;oxyR;paaX","P0C7L2;P76082;P00903;P77181;P0ACQ4;P76086",-0.0343318405581388,-0.258574715051892,-0.567204326439511,-0.115249373847955,-0.416733278012193,-0.464886429975464,-0.59506535404558,-0.707512120325592,-0.278027999799245
"ynfE;ynfF;yniC;ynfF;ynfG;ynfL;ynhG;yniA","P77374;P77783;P77247;P77783;P0AAJ1;P77559;P76193;P77739",-0.100802209801362,0.172191240428357,-0.00134870266744567,-0.0805630926607783,0.104811412013376,0.17557781104224,0.297965347054767,0.642182510166816,-0.35602407018847
"ydgH;ydgJ;ydhQ;ydhF;ydhS","P76177;P77376;P77552;P76187;P77148",-0.228002382158552,-0.511903939380619,-0.350429553393206,0.0951869186020572,0.0496054950428477,-0.435883292284051,-0.273416976295386,-0.206886248448678,-0.135657601999149
"creB;creA;cpxR;cra","P08368;P0AE91;P0AE88;P0ACP1",0.282077533068423,-0.0514143485676971,-0.0826428535650872,-0.103405954702194,0.238603604545092,-0.0361872546096021,-0.284192968565273,0.098077955676268,-0.13775604375037
"ydhZ;ydhV;ydiR;ydhR","P0ACX5;P76192;P77378;P0ACX3",0.911709897424163,0.128827806578241,0.240662998016548,0.857565554226808,0.770246729175687,0.443498128057343,0.495715830458463,0.511492307725424,0.789927879162327
"pabC;pabB;paaG","P28305;P05041;P77467",-0.859185599507082,-0.893511559182858,-0.523699415359417,-0.405516905221941,-0.549398510970664,-0.385732889340429,-0.562188081480486,-0.348549443197789,-0.459901243231979
"tpx;tnaA;topB;torR;tolB;tolC;tpiA;topA;tolA;tmk;tonB","P0A862;P0A853;P14294;P38684;P0A855;P02930;P0A858;P06612;P19934;P0A720;P02929",-0.550760787087729,-0.370677494849826,-0.277004763067668,-0.412532129531631,-0.425552891163201,-0.432580907535437,-0.595636459457398,-0.209201830474887,-0.573230452377924
"rfaQ;rfaF;rfbB;rfbB;rffG","P25742;P37692;P37759;P37759;P27830",0.194288520159125,-0.0925528475626343,-1.14577190767442,-0.320077245496854,-0.242586203138448,-0.387883068493892,-0.437002275778611,-0.450453568539787,-0.179166483190486
"iap;iaaA;hypB;hypD;hypF;hypE","P10423;P37595;P0AAN3;P24192;P30131;P24193",-0.479385636037629,-0.480309413081683,-0.123703326362769,-0.431290626608982,-0.498150389502282,-0.709452577999294,-0.571291224875417,-0.66441939705392,-0.517546610866446
"btuR;bolA;btuE;blc;bluR","P0A9H5;P0ABE2;P06610;P0A901;P75989",0.0193025563282547,0.197998962581054,-0.159684624631018,-0.0223750679044857,-0.177773142949962,0.194241751486224,-0.00848697729763507,-0.00895317674855147,0.228060306973606
"yphH;yqcC;ypfJ;ypfG;yphF;ypdB","P76586;Q46919;P64429;P76559;P77269;P0AE39",0.33388852619473,0.153156918016318,0.221724187956693,-0.348979250036659,-0.334260982659539,0.0780253047552259,0.17527309673838,0.137709405354876,-0.0875902070488767
"pyrG;pykF;pyrC;pykA;pyrI;pyrH;pyrB;qorB;queA;pyrE;pyrF;qorA","P0A7E5;P0AD61;P05020;P21599;P0A7F3;P0A7E9;P0A786;P39315;P0A7F9;P0A7E3;P08244;P28304",0.0826805457272434,0.0103430078690395,-0.080647724771963,0.0820114532785519,0.129658505702016,-0.0580154305506228,-0.241527643246602,-0.328960195714588,0.0111027153648939
"sfsA;sgbH;serS;serC","P0A823;P37678;P0A8L1;P23721",0.54746190691847,0.443942152033971,0.52025185197654,0.0567753855567101,-0.0868661462743328,0.28599063739188,-0.0134493045890045,0.167692422791609,0.145134243334127
"rlmE;rlmG;rlmA;rlmF;rimO;rlmB;rlmD;rimL","P0C0R7;P42596;P36999;P75782;P0AEI4;P63177;P55135;P13857",-0.126814872904931,-0.266196119506264,-0.23354879815305,-0.0921931735077651,-0.0467191734314638,-0.264039076780433,-0.213942216224157,-0.0820830799131736,0.0528192149023406
"yibQ;yicS;yidA;yidC;yibT;yidB","P37691;Q2M7X4;P0A8Y5;P25714;Q2M7R5;P09996",-0.178374845558415,-0.132018442153986,-0.37589868624226,-0.152444190943823,-0.481776222053451,-0.169284166184526,-0.399258460229756,-0.197717628609654,-0.281614412243441
"rlmA;rlmF;rlmH;rlmI;rimL","P36999;P75782;P0A8I8;P75876;P13857",0.549608398349409,0.060641487224735,0.208042169213349,0.329219693749257,0.456725557261449,-0.21143578643192,0.148799528863843,-0.0285840011115142,0.395231860156519
"dnaA;dnaC;dnaG;dnaQ;dnaN;dnaE","P03004;P0AEF0;P0ABS5;P03007;P0A988;P10443",0.398224246880477,0.0842564430655311,0.677055478081577,0.309229028040131,0.212770400696203,0.177958460114354,0.252704234545423,0.295762974385335,0.0346840132759597
"yoaH;yodD;yobA;yohF","P67338;P64519;P0AA57;P33368",-0.149566074446526,0.183482448226363,0.0842870771318964,-0.225721155306588,0.523427078255402,-0.214692323634276,-0.325088167257691,-0.366888457433017,-0.014370788545564
"ybaV;ybcH;ybcL;ybcJ;ybaY;ybaB;ybaM;ybbN;ybbA","P0AAR8;P37325;P77368;P0AAS7;P77717;P0A8B5;P45807;P77395;P0A9T8",0.173792283550993,0.0354691812741156,0.0304060216273178,-0.125515670219641,-0.186457530478934,-0.00706907767120764,-0.242024532976925,-0.204328315029251,-0.138320940695313
"dcrB;ddlB;ddlA;ddpA","P0AEE1;P07862;P0A6J8;P76128",-0.580935633969738,-0.667463014512569,-0.657732790105437,-0.803733779263384,-1.00378832297753,-0.898082274767697,-1.27587803932082,-0.628409327070365,-0.731222910956428
"iscU;iscR;ispA;ispE;iscA;infB;infC;iscS;ispG;ispH;ispD;ispF","P0ACD4;P0AGK8;P22939;P62615;P0AAC8;P0A705;P0A707;P0A6B7;P62620;P62623;Q46893;P62617",0.44655758105509,0.00690147842444365,0.010157673686298,0.134333847316931,0.253359123531394,0.114115037030022,-0.239445265403404,-0.268259328411316,0.0301611904919761
"malQ;manX;malY;malZ","P15977;P69797;P23256;P21517",-0.322254802125668,-0.301888405985101,-0.495090542661345,-0.230152838691834,-0.0687405066882811,-0.611811311529379,-0.139278567265637,0.0394978961174853,-0.125439603668616
"yfiC;yfgJ;yfhM;yfiF;yfiH;ygaU;ygaM;yfgM;ygaC;yfhH;ygbI","P31825;P76575;P76578;P0AGJ5;P33644;P0ADE6;P0ADQ7;P76576;P0AD53;P37767;P52598",0.461655108879552,0.161622398765921,0.369234954979485,0.584312146313977,0.454239872269708,0.304600225961103,0.337894131906758,0.411019855795146,0.193302119750234
"gudD;guaD;guaC;guaA;gstB;gshB;gss;guaB;gsk;gstA","P0AES2;P76641;P60560;P04079;P0ACA7;P04425;P0AES0;P0ADG7;P0AEW6;P0A9D2",0.0955179223556771,0.0671833457385518,0.197513831727608,0.209392411873755,0.164460494487957,0.221419086212362,-0.0146383999797235,0.0772309623471778,0.101911547297247
"yjeI;yjbD;yjbR;yjdC;yjdI;yjgR;yjbJ;yjhC;yjgA;yjdJ;yjgM;yjjA;yjhG","P0AF70;P32685;P0AF50;P0ACU7;P0AF59;P39342;P68206;P39353;P0A8X0;P39274;P39337;P18390;P39358",-0.0726750127290687,0.0218493918340706,-0.283944643423586,-0.152253324175217,0.0332901617571664,-0.200437079906455,-0.0510048682435923,-0.125679510879213,-0.160868018689518
"yegW;yegU;yehS;yeiG;yehT;yeiP","P0ACM5;P76418;P33355;P33018;P0AFT5;P0A6N8",0.247934166996417,0.148405949690084,0.258832444100778,0.645034520375913,0.363426886388549,0.443314382353606,0.172052307608595,0.695601295419147,0.416450442433344
"moeA;moaC;moaB;moaD;moaE;mprA;mobA;modE;mog","P12281;P0A738;P0AEZ9;P30748;P30749;P0ACR9;P32173;P0A9G8;P0AF03",0.039786345852612,-0.134742318631808,0.111808571751606,-0.306092080729123,0.112822999208864,0.185520279854594,-0.357379589558768,-0.102153098115769,0.0238231560913937
"mpaA;moeA;moaE;modF;mobA;modE;mog;mobB","P0ACV6;P12281;P30749;P31060;P32173;P0A9G8;P0AF03;P32125",0.071177954456578,0.0141355719321945,0.119125898618282,0.0621956598228618,-0.0181174578362255,0.0273598851027617,-0.362357757655267,-0.191483190784116,-0.2993802067695
"rimK;rihC;ridA;ribD;ribC;rimJ;ribB;rimI;ribF;ribE;rihA","P0C0U4;P22564;P0AF93;P25539;P0AFU8;P0A948;P0A7J0;P0A944;P0AG40;P61714;P41409",0.0476105586850774,-0.115303219513207,0.103438570828797,0.118346972887871,-0.125557368503122,0.115434565045471,0.122300528824595,-0.0185752364842485,-0.118345605040434
"gcvT;gdhA;ghrB;ghoS;glcB;gcvR;ghrA;ggt","P27248;P00370;P37666;P0AF61;P37330;P0A9I3;P75913;P18956",0.226322907142098,-0.0709203864157998,0.327596957893,-0.0642545132999221,0.119019404608325,-0.00352385493874341,-0.273588209112829,-0.228818551792088,-0.183378547240928
"yqcA;yoaH;yodD;yobA","P65367;P67338;P64519;P0AA57",0.237763418822923,0.106454592770747,0.328250661483607,-0.134376044469201,0.561777689006732,0.0747905475359319,0.363251383301885,-0.0262583028791644,0.0432704000778613
"hemB;hemE;hdfR;hdeA;hcp;hdeB;hdhA;hemC;hchA;hemD","P0ACB2;P29680;P0A8R9;P0AES9;P75825;P0AET2;P0AET8;P06983;P31658;P09126",0.346721185533592,-0.00300322879129511,0.614079230326637,0.556276434463052,0.142242077407856,0.154446388758885,0.180994106320024,0.297558310769526,0.0129730564664897
"rsxC;rutR;rsxG;rspB;rsuA;rstA","P77611;P0ACU2;P77285;P38105;P0AA43;P52108",-0.132097417293189,-0.111885470811231,-0.0339129902951331,-0.00852656647767987,-0.30662831701208,0.0599694819283747,0.12978133675375,0.185488454478005,-0.169654852408427
"ftsY;fucO;ftnA;fucI;fucR","P10121;P0A9S1;P0A998;P69922;P0ACK8",-0.784727375474217,-0.521133022922346,-0.297344143717438,-0.87087051869391,-0.716528853938725,-0.692560758733034,-0.0934695896516222,-0.637187088928626,-1.0475861603778
"appA;ansA;ampH;apaH","P07102;P0A962;P0AD70;P05637",-0.321544487851631,-0.219464789698471,-0.507214872628582,-0.544876642563711,-0.278872850171902,-0.163099426951158,-0.595514712880447,-0.167940156343607,-0.20547001401674
"nrfB;nudB;nrfA","P0ABL1;P0AFC0;P0ABK9",0.481820341181425,0.58830421375088,-0.353354435683634,0.546383151273601,0.297209879914892,0.445349055449016,0.273775538936469,0.539332762181664,-0.09408142606468
"fcl;fdhD;fdhE;feaB;fdhF;fdx","P32055;P32177;P13024;P80668;P07658;P0A9R4",0.679188953077756,-0.190827567690126,0.290985760508337,0.305414824758908,-0.209925891286995,0.489559802021121,-0.103727978031775,0.159335596546197,0.454129158836628
"zipA;ytfJ;ytfB;zapB;zapD;ytfE;zapE;ysgA;zapA;ytfQ;ytfP","P77173;P39187;P39310;P0AF36;P36680;P69506;P64612;P56262;P0ADS2;P39325;P0AE48",0.108727373767548,0.0408472778643704,-0.00444227224162257,0.541089898001598,-0.0120254721876472,0.0929487522571779,0.280241265125779,0.227979322332151,0.0456910478200976
"yaeQ;yaeH;yaaA;yacC;yacG;yaeP","P0AA97;P62768;P0A8I3;P0AA95;P0A8H8;P0A8K5",0.017237347582373,-0.331140258147877,0.229221063797542,-0.0306913492371429,0.279745818887062,0.0558504642309655,0.0425712436235376,0.150982467240767,-0.16309971065103
"yigI;yidR;yieE;yieP;yigB;yifE;yieH;yieL","P0ADP2;P31455;P0ADM8;P31475;P0ADP0;P0ADN2;P31467;P31471",0.078656499647229,-0.307445910159112,0.427663469393871,0.0623236226831142,0.22684102208073,-0.0569490207149059,-0.378442206980902,-0.0468324063606349,-0.416775257541271
"yaeQ;yaeH;yaaA;yacC;yacG;yafC","P0AA97;P62768;P0A8I3;P0AA95;P0A8H8;P30864",-0.0359391500985776,-0.324381973575058,0.131253448062745,0.0674091945009023,0.306430335120677,-0.0266868458791726,-0.0892498229196108,0.0874171386082308,-0.316610997402592
"kdsD;kefG;ldcA;kefC;kduI","P45395;P0A756;P76008;P03819;Q46938",0.11751994876662,-0.233964176572936,0.483018840236537,0.458286908580653,0.420547253428006,-0.00893257981338494,-0.141206765059038,-0.00824894022698284,-0.00299456234991144
